"plate","well","sample","id","bio_rep","station","Instrument","depth","depthbin","time_collected","filter_start_time","time_min","vol","dilution","assay","marker","rep","extract","conc_machine","accepted","positives","negatives","log_offset"
"dPB133","C03","52345-502",502,1,"Husbandry Area","Smith Root",0,"0 m",1215,1225,735,2.75,1,"DL/16S duplex","Tt_16S",1,"DNA1",3.326027632,21253,60,21193,-12.3685915750279
"dPB133","C07","52345-502",502,1,"Husbandry Area","Smith Root",0,"0 m",1215,1225,735,2.75,1,"DL/16S duplex","Tt_16S",2,"DNA1",3.276304007,19058,53,19005,-12.3685915750279
"dPB133","C11","52345-502",502,1,"Husbandry Area","Smith Root",0,"0 m",1215,1225,735,2.75,1,"DL/16S duplex","Tt_16S",3,"DNA1",4.574992657,18551,72,18479,-12.3685915750279
"dPB133","C03","52345-502",502,1,"Husbandry Area","Smith Root",0,"0 m",1215,1225,735,2.75,1,"DL/16S duplex","Tt_DLL1",1,"DNA1",2.160847902,21253,39,21214,-12.3685915750279
"dPB133","C07","52345-502",502,1,"Husbandry Area","Smith Root",0,"0 m",1215,1225,735,2.75,1,"DL/16S duplex","Tt_DLL1",2,"DNA1",2.781182528,19058,45,19013,-12.3685915750279
"dPB133","C11","52345-502",502,1,"Husbandry Area","Smith Root",0,"0 m",1215,1225,735,2.75,1,"DL/16S duplex","Tt_DLL1",3,"DNA1",3.811257362,18551,60,18491,-12.3685915750279
"dPB133","C03","52345-502",502,1,"Husbandry Area","Smith Root",0,"0 m",1215,1225,735,2.75,1,"DL/16S duplex","Tt_longFrag",1,"DNA1",0.879922333,21253,16,21237,-12.3685915750279
"dPB133","C07","52345-502",502,1,"Husbandry Area","Smith Root",0,"0 m",1215,1225,735,2.75,1,"DL/16S duplex","Tt_longFrag",2,"DNA1",0.856821519,19058,14,19044,-12.3685915750279
"dPB133","C11","52345-502",502,1,"Husbandry Area","Smith Root",0,"0 m",1215,1225,735,2.75,1,"DL/16S duplex","Tt_longFrag",3,"DNA1",0.936877296,18551,15,18536,-12.3685915750279
"dPB125","C01","52345-502",502,1,"Husbandry Area","Smith Root",0,"0 m",1215,1225,735,2.75,1,"Cytb monoplex","cytb",1,"DNA1",4.91600227355957,19425,81,19344,-12.3685915750279
"dPB125","C05","52345-502",502,1,"Husbandry Area","Smith Root",0,"0 m",1215,1225,735,2.75,1,"Cytb monoplex","cytb",2,"DNA1",4.26866245269775,20708,75,20633,-12.3685915750279
"dPB125","C09","52345-502",502,1,"Husbandry Area","Smith Root",0,"0 m",1215,1225,735,2.75,1,"Cytb monoplex","cytb",3,"DNA1",5.15048933029175,19916,87,19829,-12.3685915750279
"dPB134","D03","52345-503",503,2,"Husbandry Area","Smith Root",0,"0 m",1218,1239,738,2.75,1,"DL/16S duplex","Tt_16S",1,"DNA1",1.408492804,21730,26,21704,-12.3685915750279
"dPB134","D07","52345-503",503,2,"Husbandry Area","Smith Root",0,"0 m",1218,1239,738,2.75,1,"DL/16S duplex","Tt_16S",2,"DNA1",1.60188055,21313,29,21284,-12.3685915750279
"dPB134","D11","52345-503",503,2,"Husbandry Area","Smith Root",0,"0 m",1218,1239,738,2.75,1,"DL/16S duplex","Tt_16S",3,"DNA1",1.423006654,19854,24,19830,-12.3685915750279
"dPB134","D03","52345-503",503,2,"Husbandry Area","Smith Root",0,"0 m",1218,1239,738,2.75,1,"DL/16S duplex","Tt_DLL1",1,"DNA1",1.516908288,21730,28,21702,-12.3685915750279
"dPB134","D07","52345-503",503,2,"Husbandry Area","Smith Root",0,"0 m",1218,1239,738,2.75,1,"DL/16S duplex","Tt_DLL1",2,"DNA1",1.657156706,21313,30,21283,-12.3685915750279
"dPB134","D11","52345-503",503,2,"Husbandry Area","Smith Root",0,"0 m",1218,1239,738,2.75,1,"DL/16S duplex","Tt_DLL1",3,"DNA1",0.948479772,19854,16,19838,-12.3685915750279
"dPB134","D03","52345-503",503,2,"Husbandry Area","Smith Root",0,"0 m",1218,1239,738,2.75,1,"DL/16S duplex","Tt_longFrag",1,"DNA1",0.431388354,21730,8,21722,-12.3685915750279
"dPB134","D07","52345-503",503,2,"Husbandry Area","Smith Root",0,"0 m",1218,1239,738,2.75,1,"DL/16S duplex","Tt_longFrag",2,"DNA1",0.328990762,21313,6,21307,-12.3685915750279
"dPB134","D11","52345-503",503,2,"Husbandry Area","Smith Root",0,"0 m",1218,1239,738,2.75,1,"DL/16S duplex","Tt_longFrag",3,"DNA1",0.354443898,19854,6,19848,-12.3685915750279
"dPB127","D01","52345-503",503,2,"Husbandry Area","Smith Root",0,"0 m",1218,1239,738,2.75,1,"Cytb monoplex","cytb",1,"DNA1",2.09264063835144,20257,36,20221,-12.3685915750279
"dPB127","D05","52345-503",503,2,"Husbandry Area","Smith Root",0,"0 m",1218,1239,738,2.75,1,"Cytb monoplex","cytb",2,"DNA1",2.2168071269989,20717,39,20678,-12.3685915750279
"dPB127","D09","52345-503",503,2,"Husbandry Area","Smith Root",0,"0 m",1218,1239,738,2.75,1,"Cytb monoplex","cytb",3,"DNA1",1.94696915149689,19957,33,19924,-12.3685915750279
"dPB133","D02","52345-504",504,3,"Husbandry Area","Smith Root",0,"0 m",1221,1245,741,2.45,1,"DL/16S duplex","Tt_16S",1,"DNA1",1.354600668,22594,26,22568,-12.4841044621498
"dPB133","D06","52345-504",504,3,"Husbandry Area","Smith Root",0,"0 m",1221,1245,741,2.45,1,"DL/16S duplex","Tt_16S",2,"DNA1",1.620139837,18893,26,18867,-12.4841044621498
"dPB133","D10","52345-504",504,3,"Husbandry Area","Smith Root",0,"0 m",1221,1245,741,2.45,1,"DL/16S duplex","Tt_16S",3,"DNA1",1.207432747,20472,21,20451,-12.4841044621498
"dPB133","D02","52345-504",504,3,"Husbandry Area","Smith Root",0,"0 m",1221,1245,741,2.45,1,"DL/16S duplex","Tt_DLL1",1,"DNA1",1.093979359,22594,21,22573,-12.4841044621498
"dPB133","D06","52345-504",504,3,"Husbandry Area","Smith Root",0,"0 m",1221,1245,741,2.45,1,"DL/16S duplex","Tt_DLL1",2,"DNA1",1.495434523,18893,24,18869,-12.4841044621498
"dPB133","D10","52345-504",504,3,"Husbandry Area","Smith Root",0,"0 m",1221,1245,741,2.45,1,"DL/16S duplex","Tt_DLL1",3,"DNA1",0.804817438,20472,14,20458,-12.4841044621498
"dPB133","D02","52345-504",504,3,"Husbandry Area","Smith Root",0,"0 m",1221,1245,741,2.45,1,"DL/16S duplex","Tt_longFrag",1,"DNA1",0.467464952,22594,9,22585,-12.4841044621498
"dPB133","D06","52345-504",504,3,"Husbandry Area","Smith Root",0,"0 m",1221,1245,741,2.45,1,"DL/16S duplex","Tt_longFrag",2,"DNA1",0.496209437,18893,8,18885,-12.4841044621498
"dPB133","D10","52345-504",504,3,"Husbandry Area","Smith Root",0,"0 m",1221,1245,741,2.45,1,"DL/16S duplex","Tt_longFrag",3,"DNA1",0.114114844,20472,2,20470,-12.4841044621498
"dPB124","D02","52345-504",504,3,"Husbandry Area","Smith Root",0,"0 m",1221,1245,741,2.45,1,"Cytb monoplex","cytb",1,"DNA1",1.60353672504425,21291,29,21262,-12.4841044621498
"dPB124","D06","52345-504",504,3,"Husbandry Area","Smith Root",0,"0 m",1221,1245,741,2.45,1,"Cytb monoplex","cytb",2,"DNA1",1.89932060241699,22317,36,22281,-12.4841044621498
"dPB124","D10","52345-504",504,3,"Husbandry Area","Smith Root",0,"0 m",1221,1245,741,2.45,1,"Cytb monoplex","cytb",3,"DNA1",1.78577017784119,21757,33,21724,-12.4841044621498
"dPB133","C02","52345-505",505,1,"Husbandry Area","Smith Root",0,"0 m",1354,1404,834,2.6,1,"DL/16S duplex","Tt_16S",1,"DNA1",0.52390033,22461,10,22451,-12.424681041679
"dPB133","C06","52345-505",505,1,"Husbandry Area","Smith Root",0,"0 m",1354,1404,834,2.6,1,"DL/16S duplex","Tt_16S",2,"DNA1",1.293264747,19114,21,19093,-12.424681041679
"dPB133","C10","52345-505",505,1,"Husbandry Area","Smith Root",0,"0 m",1354,1404,834,2.6,1,"DL/16S duplex","Tt_16S",3,"DNA1",0.520170927,22622,10,22612,-12.424681041679
"dPB133","C02","52345-505",505,1,"Husbandry Area","Smith Root",0,"0 m",1354,1404,834,2.6,1,"DL/16S duplex","Tt_DLL1",1,"DNA1",0.471499801,22461,9,22452,-12.424681041679
"dPB133","C06","52345-505",505,1,"Husbandry Area","Smith Root",0,"0 m",1354,1404,834,2.6,1,"DL/16S duplex","Tt_DLL1",2,"DNA1",0.615663111,19114,10,19104,-12.424681041679
"dPB133","C10","52345-505",505,1,"Husbandry Area","Smith Root",0,"0 m",1354,1404,834,2.6,1,"DL/16S duplex","Tt_DLL1",3,"DNA1",0.676267087,22622,13,22609,-12.424681041679
"dPB133","C02","52345-505",505,1,"Husbandry Area","Smith Root",0,"0 m",1354,1404,834,2.6,1,"DL/16S duplex","Tt_longFrag",1,"DNA1",0.05216965,22461,1,22460,-12.424681041679
"dPB133","C06","52345-505",505,1,"Husbandry Area","Smith Root",0,"0 m",1354,1404,834,2.6,1,"DL/16S duplex","Tt_longFrag",2,"DNA1",0.122430543,19114,2,19112,-12.424681041679
"dPB133","C10","52345-505",505,1,"Husbandry Area","Smith Root",0,"0 m",1354,1404,834,2.6,1,"DL/16S duplex","Tt_longFrag",3,"DNA1",0.155728237,22622,3,22619,-12.424681041679
"dPB124","C02","52345-505",505,1,"Husbandry Area","Smith Root",0,"0 m",1354,1404,834,2.6,1,"Cytb monoplex","cytb",1,"DNA1",1.10223507881165,21357,20,21337,-12.424681041679
"dPB124","C06","52345-505",505,1,"Husbandry Area","Smith Root",0,"0 m",1354,1404,834,2.6,1,"Cytb monoplex","cytb",2,"DNA1",1.30652189254761,22524,25,22499,-12.424681041679
"dPB124","C10","52345-505",505,1,"Husbandry Area","Smith Root",0,"0 m",1354,1404,834,2.6,1,"Cytb monoplex","cytb",3,"DNA1",1.30229866504669,22597,25,22572,-12.424681041679
"dPB134","A04","52345-506",506,2,"Husbandry Area","Smith Root",0,"0 m",1356,1411,836,2.65,1,"DL/16S duplex","Tt_16S",1,"DNA1",1.723451018,21860,32,21828,-12.4056328467083
"dPB134","A08","52345-506",506,2,"Husbandry Area","Smith Root",0,"0 m",1356,1411,836,2.65,1,"DL/16S duplex","Tt_16S",2,"DNA1",1.71694994,21257,31,21226,-12.4056328467083
"dPB134","A12","52345-506",506,2,"Husbandry Area","Smith Root",0,"0 m",1356,1411,836,2.65,1,"DL/16S duplex","Tt_16S",3,"DNA1",1.561341405,21112,28,21084,-12.4056328467083
"dPB134","A04","52345-506",506,2,"Husbandry Area","Smith Root",0,"0 m",1356,1411,836,2.65,1,"DL/16S duplex","Tt_DLL1",1,"DNA1",1.723451018,21860,32,21828,-12.4056328467083
"dPB134","A08","52345-506",506,2,"Husbandry Area","Smith Root",0,"0 m",1356,1411,836,2.65,1,"DL/16S duplex","Tt_DLL1",2,"DNA1",1.218222499,21257,22,21235,-12.4056328467083
"dPB134","A12","52345-506",506,2,"Husbandry Area","Smith Root",0,"0 m",1356,1411,836,2.65,1,"DL/16S duplex","Tt_DLL1",3,"DNA1",0.836175203,21112,15,21097,-12.4056328467083
"dPB134","A04","52345-506",506,2,"Husbandry Area","Smith Root",0,"0 m",1356,1411,836,2.65,1,"DL/16S duplex","Tt_longFrag",1,"DNA1",0.374267397,21860,7,21853,-12.4056328467083
"dPB134","A08","52345-506",506,2,"Husbandry Area","Smith Root",0,"0 m",1356,1411,836,2.65,1,"DL/16S duplex","Tt_longFrag",2,"DNA1",0.441067726,21257,8,21249,-12.4056328467083
"dPB134","A12","52345-506",506,2,"Husbandry Area","Smith Root",0,"0 m",1356,1411,836,2.65,1,"DL/16S duplex","Tt_longFrag",3,"DNA1",0.333289861,21112,6,21106,-12.4056328467083
"dPB127","A02","52345-506",506,2,"Husbandry Area","Smith Root",0,"0 m",1356,1411,836,2.65,1,"Cytb monoplex","cytb",1,"DNA1",1.54758930206299,17496,23,17473,-12.4056328467083
"dPB127","A06","52345-506",506,2,"Husbandry Area","Smith Root",0,"0 m",1356,1411,836,2.65,1,"Cytb monoplex","cytb",2,"DNA1",1.58094811439514,21595,29,21566,-12.4056328467083
"dPB127","A10","52345-506",506,2,"Husbandry Area","Smith Root",0,"0 m",1356,1411,836,2.65,1,"Cytb monoplex","cytb",3,"DNA1",1.76531827449799,20675,31,20644,-12.4056328467083
"dPB134","A02","52345-507",507,3,"Husbandry Area","Smith Root",0,"0 m",1359,1420,839,2.75,1,"DL/16S duplex","Tt_16S",1,"DNA1",0.422071129,22303,8,22295,-12.3685915750279
"dPB134","A06","52345-507",507,3,"Husbandry Area","Smith Root",0,"0 m",1359,1420,839,2.75,1,"DL/16S duplex","Tt_16S",2,"DNA1",0.613935292,17251,9,17242,-12.3685915750279
"dPB134","A10","52345-507",507,3,"Husbandry Area","Smith Root",0,"0 m",1359,1420,839,2.75,1,"DL/16S duplex","Tt_16S",3,"DNA1",0.46591574,17679,7,17672,-12.3685915750279
"dPB134","A02","52345-507",507,3,"Husbandry Area","Smith Root",0,"0 m",1359,1420,839,2.75,1,"DL/16S duplex","Tt_DLL1",1,"DNA1",0.26377672,22303,5,22298,-12.3685915750279
"dPB134","A06","52345-507",507,3,"Husbandry Area","Smith Root",0,"0 m",1359,1420,839,2.75,1,"DL/16S duplex","Tt_DLL1",2,"DNA1",0.409254581,17251,6,17245,-12.3685915750279
"dPB134","A10","52345-507",507,3,"Husbandry Area","Smith Root",0,"0 m",1359,1420,839,2.75,1,"DL/16S duplex","Tt_DLL1",3,"DNA1",0.332778156,17679,5,17674,-12.3685915750279
"dPB134","A02","52345-507",507,3,"Husbandry Area","Smith Root",0,"0 m",1359,1420,839,2.75,1,"DL/16S duplex","Tt_longFrag",1,"DNA1",0.052656006,22303,1,22302,-12.3685915750279
"dPB134","A06","52345-507",507,3,"Husbandry Area","Smith Root",0,"0 m",1359,1420,839,2.75,1,"DL/16S duplex","Tt_longFrag",2,"DNA1",0,17251,0,17251,-12.3685915750279
"dPB134","A10","52345-507",507,3,"Husbandry Area","Smith Root",0,"0 m",1359,1420,839,2.75,1,"DL/16S duplex","Tt_longFrag",3,"DNA1",0.066416348,17679,1,17678,-12.3685915750279
"dPB126","A02","52345-507",507,3,"Husbandry Area","Smith Root",0,"0 m",1359,1420,839,2.75,1,"Cytb monoplex","cytb",1,"DNA1",0.825145959854126,15689,11,15678,-12.3685915750279
"dPB126","A06","52345-507",507,3,"Husbandry Area","Smith Root",0,"0 m",1359,1420,839,2.75,1,"Cytb monoplex","cytb",2,"DNA1",0.904668092727661,23417,18,23399,-12.3685915750279
"dPB126","A10","52345-507",507,3,"Husbandry Area","Smith Root",0,"0 m",1359,1420,839,2.75,1,"Cytb monoplex","cytb",3,"DNA1",0.67625617980957,19142,11,19131,-12.3685915750279
"dPB134","C01","52345-509",509,1,"Husbandry Area","Smith Root",0,"0 m",1446,1446,886,2.8,1,"DL/16S duplex","Tt_16S",1,"DNA1",2.107149124,19000,34,18966,-12.3505730695253
"dPB134","C05","52345-509",509,1,"Husbandry Area","Smith Root",0,"0 m",1446,1446,886,2.8,1,"DL/16S duplex","Tt_16S",2,"DNA1",2.389214516,21688,44,21644,-12.3505730695253
"dPB134","C09","52345-509",509,1,"Husbandry Area","Smith Root",0,"0 m",1446,1446,886,2.8,1,"DL/16S duplex","Tt_16S",3,"DNA1",1.937286139,21880,36,21844,-12.3505730695253
"dPB134","C01","52345-509",509,1,"Husbandry Area","Smith Root",0,"0 m",1446,1446,886,2.8,1,"DL/16S duplex","Tt_DLL1",1,"DNA1",1.673015594,19000,27,18973,-12.3505730695253
"dPB134","C05","52345-509",509,1,"Husbandry Area","Smith Root",0,"0 m",1446,1446,886,2.8,1,"DL/16S duplex","Tt_DLL1",2,"DNA1",1.954450846,21688,36,21652,-12.3505730695253
"dPB134","C09","52345-509",509,1,"Husbandry Area","Smith Root",0,"0 m",1446,1446,886,2.8,1,"DL/16S duplex","Tt_DLL1",3,"DNA1",1.668027759,21880,31,21849,-12.3505730695253
"dPB134","C01","52345-509",509,1,"Husbandry Area","Smith Root",0,"0 m",1446,1446,886,2.8,1,"DL/16S duplex","Tt_longFrag",1,"DNA1",0.74027522,19000,12,18988,-12.3505730695253
"dPB134","C05","52345-509",509,1,"Husbandry Area","Smith Root",0,"0 m",1446,1446,886,2.8,1,"DL/16S duplex","Tt_longFrag",2,"DNA1",1.298640206,21688,24,21664,-12.3505730695253
"dPB134","C09","52345-509",509,1,"Husbandry Area","Smith Root",0,"0 m",1446,1446,886,2.8,1,"DL/16S duplex","Tt_longFrag",3,"DNA1",0.911687415,21880,17,21863,-12.3505730695253
"dPB126","C01","52345-509",509,1,"Husbandry Area","Smith Root",0,"0 m",1446,1446,886,2.8,1,"Cytb monoplex","cytb",1,"DNA1",2.89607763290405,19523,48,19475,-12.3505730695253
"dPB126","C05","52345-509",509,1,"Husbandry Area","Smith Root",0,"0 m",1446,1446,886,2.8,1,"Cytb monoplex","cytb",2,"DNA1",2.47202086448669,19533,41,19492,-12.3505730695253
"dPB126","C09","52345-509",509,1,"Husbandry Area","Smith Root",0,"0 m",1446,1446,886,2.8,1,"Cytb monoplex","cytb",3,"DNA1",3.06712913513184,20740,54,20686,-12.3505730695253
"dPB134","D02","52345-510",510,2,"Husbandry Area","Smith Root",0,"0 m",1500,1500,900,2.8,1,"DL/16S duplex","Tt_16S",1,"DNA1",4.065893173,21449,74,21375,-12.3505730695253
"dPB134","D06","52345-510",510,2,"Husbandry Area","Smith Root",0,"0 m",1500,1500,900,2.8,1,"DL/16S duplex","Tt_16S",2,"DNA1",2.406240225,19577,40,19537,-12.3505730695253
"dPB134","D10","52345-510",510,2,"Husbandry Area","Smith Root",0,"0 m",1500,1500,900,2.8,1,"DL/16S duplex","Tt_16S",3,"DNA1",2.858834267,19365,47,19318,-12.3505730695253
"dPB134","D02","52345-510",510,2,"Husbandry Area","Smith Root",0,"0 m",1500,1500,900,2.8,1,"DL/16S duplex","Tt_DLL1",1,"DNA1",2.415864229,21449,44,21405,-12.3505730695253
"dPB134","D06","52345-510",510,2,"Husbandry Area","Smith Root",0,"0 m",1500,1500,900,2.8,1,"DL/16S duplex","Tt_DLL1",2,"DNA1",1.804218531,19577,30,19547,-12.3505730695253
"dPB134","D10","52345-510",510,2,"Husbandry Area","Smith Root",0,"0 m",1500,1500,900,2.8,1,"DL/16S duplex","Tt_DLL1",3,"DNA1",2.310859919,19365,38,19327,-12.3505730695253
"dPB134","D02","52345-510",510,2,"Husbandry Area","Smith Root",0,"0 m",1500,1500,900,2.8,1,"DL/16S duplex","Tt_longFrag",1,"DNA1",1.308793541,21449,24,21425,-12.3505730695253
"dPB134","D06","52345-510",510,2,"Husbandry Area","Smith Root",0,"0 m",1500,1500,900,2.8,1,"DL/16S duplex","Tt_longFrag",2,"DNA1",0.898077044,19577,15,19562,-12.3505730695253
"dPB134","D10","52345-510",510,2,"Husbandry Area","Smith Root",0,"0 m",1500,1500,900,2.8,1,"DL/16S duplex","Tt_longFrag",3,"DNA1",1.027636714,19365,17,19348,-12.3505730695253
"dPB126","D02","52345-510",510,2,"Husbandry Area","Smith Root",0,"0 m",1500,1500,900,2.8,1,"Cytb monoplex","cytb",1,"DNA1",2.68294429779053,18877,43,18834,-12.3505730695253
"dPB126","D06","52345-510",510,2,"Husbandry Area","Smith Root",0,"0 m",1500,1500,900,2.8,1,"Cytb monoplex","cytb",2,"DNA1",3.09204864501953,22097,58,22039,-12.3505730695253
"dPB126","D10","52345-510",510,2,"Husbandry Area","Smith Root",0,"0 m",1500,1500,900,2.8,1,"Cytb monoplex","cytb",3,"DNA1",3.0566201210022,21582,56,21526,-12.3505730695253
"dPB134","E04","52345-511",511,3,"Husbandry Area","Smith Root",0,"0 m",1508,1514,908,2.8,1,"DL/16S duplex","Tt_16S",1,"DNA1",4.769814968,21502,87,21415,-12.3505730695253
"dPB134","E08","52345-511",511,3,"Husbandry Area","Smith Root",0,"0 m",1508,1514,908,2.8,1,"DL/16S duplex","Tt_16S",2,"DNA1",4.743839264,20377,82,20295,-12.3505730695253
"dPB134","E12","52345-511",511,3,"Husbandry Area","Smith Root",0,"0 m",1508,1514,908,2.8,1,"DL/16S duplex","Tt_16S",3,"DNA1",4.633276939,17046,67,16979,-12.3505730695253
"dPB134","E04","52345-511",511,3,"Husbandry Area","Smith Root",0,"0 m",1508,1514,908,2.8,1,"DL/16S duplex","Tt_DLL1",1,"DNA1",3.506947994,21502,64,21438,-12.3505730695253
"dPB134","E08","52345-511",511,3,"Husbandry Area","Smith Root",0,"0 m",1508,1514,908,2.8,1,"DL/16S duplex","Tt_DLL1",2,"DNA1",2.716689587,20377,47,20330,-12.3505730695253
"dPB134","E12","52345-511",511,3,"Husbandry Area","Smith Root",0,"0 m",1508,1514,908,2.8,1,"DL/16S duplex","Tt_DLL1",3,"DNA1",3.663620472,17046,53,16993,-12.3505730695253
"dPB134","E04","52345-511",511,3,"Husbandry Area","Smith Root",0,"0 m",1508,1514,908,2.8,1,"DL/16S duplex","Tt_longFrag",1,"DNA1",1.847573598,21502,34,21468,-12.3505730695253
"dPB134","E08","52345-511",511,3,"Husbandry Area","Smith Root",0,"0 m",1508,1514,908,2.8,1,"DL/16S duplex","Tt_longFrag",2,"DNA1",1.548950447,20377,27,20350,-12.3505730695253
"dPB134","E12","52345-511",511,3,"Husbandry Area","Smith Root",0,"0 m",1508,1514,908,2.8,1,"DL/16S duplex","Tt_longFrag",3,"DNA1",2.127083513,17046,31,17015,-12.3505730695253
"dPB127","E02","52345-511",511,3,"Husbandry Area","Smith Root",0,"0 m",1508,1514,908,2.8,1,"Cytb monoplex","cytb",1,"DNA1",4.23359441757202,21436,77,21359,-12.3505730695253
"dPB127","E06","52345-511",511,3,"Husbandry Area","Smith Root",0,"0 m",1508,1514,908,2.8,1,"Cytb monoplex","cytb",2,"DNA1",2.88761258125305,20396,50,20346,-12.3505730695253
"dPB127","E10","52345-511",511,3,"Husbandry Area","Smith Root",0,"0 m",1508,1514,908,2.8,1,"Cytb monoplex","cytb",3,"DNA1",4.75541067123413,21567,87,21480,-12.3505730695253
"dPB134","B03","52345-512",512,1,"Husbandry Area","Smith Root",0,"0 m",1617,1622,977,2.8,1,"DL/16S duplex","Tt_16S",1,"DNA1",2.733041048,22841,53,22788,-12.3505730695253
"dPB134","B07","52345-512",512,1,"Husbandry Area","Smith Root",0,"0 m",1617,1622,977,2.8,1,"DL/16S duplex","Tt_16S",2,"DNA1",3.134293556,20672,55,20617,-12.3505730695253
"dPB134","B11","52345-512",512,1,"Husbandry Area","Smith Root",0,"0 m",1617,1622,977,2.8,1,"DL/16S duplex","Tt_16S",3,"DNA1",2.676192045,20685,47,20638,-12.3505730695253
"dPB134","B03","52345-512",512,1,"Husbandry Area","Smith Root",0,"0 m",1617,1622,977,2.8,1,"DL/16S duplex","Tt_DLL1",1,"DNA1",2.423321247,22841,47,22794,-12.3505730695253
"dPB134","B07","52345-512",512,1,"Husbandry Area","Smith Root",0,"0 m",1617,1622,977,2.8,1,"DL/16S duplex","Tt_DLL1",2,"DNA1",2.449734926,20672,43,20629,-12.3505730695253
"dPB134","B11","52345-512",512,1,"Husbandry Area","Smith Root",0,"0 m",1617,1622,977,2.8,1,"DL/16S duplex","Tt_DLL1",3,"DNA1",1.821426511,20685,32,20653,-12.3505730695253
"dPB134","B03","52345-512",512,1,"Husbandry Area","Smith Root",0,"0 m",1617,1622,977,2.8,1,"DL/16S duplex","Tt_longFrag",1,"DNA1",0.818779033,22841,16,22825,-12.3505730695253
"dPB134","B07","52345-512",512,1,"Husbandry Area","Smith Root",0,"0 m",1617,1622,977,2.8,1,"DL/16S duplex","Tt_longFrag",2,"DNA1",1.417124903,20672,25,20647,-12.3505730695253
"dPB134","B11","52345-512",512,1,"Husbandry Area","Smith Root",0,"0 m",1617,1622,977,2.8,1,"DL/16S duplex","Tt_longFrag",3,"DNA1",0.73547649,20685,13,20672,-12.3505730695253
"dPB127","B01","52345-512",512,1,"Husbandry Area","Smith Root",0,"0 m",1617,1622,977,2.8,1,"Cytb monoplex","cytb",1,"DNA1",3.23910212516785,20004,55,19949,-12.3505730695253
"dPB127","B05","52345-512",512,1,"Husbandry Area","Smith Root",0,"0 m",1617,1622,977,2.8,1,"Cytb monoplex","cytb",2,"DNA1",2.64007663726807,22306,50,22256,-12.3505730695253
"dPB127","B09","52345-512",512,1,"Husbandry Area","Smith Root",0,"0 m",1617,1622,977,2.8,1,"Cytb monoplex","cytb",3,"DNA1",3.53173780441284,19016,57,18959,-12.3505730695253
"dPB133","G03","52345-513",513,2,"Husbandry Area","Smith Root",0,"0 m",1628,1633,988,2.8,1,"DL/16S duplex","Tt_16S",1,"DNA1",1.782572508,21796,33,21763,-12.3505730695253
"dPB133","G07","52345-513",513,2,"Husbandry Area","Smith Root",0,"0 m",1628,1633,988,2.8,1,"DL/16S duplex","Tt_16S",2,"DNA1",2.367938757,22380,45,22335,-12.3505730695253
"dPB133","G11","52345-513",513,2,"Husbandry Area","Smith Root",0,"0 m",1628,1633,988,2.8,1,"DL/16S duplex","Tt_16S",3,"DNA1",2.437851906,22705,47,22658,-12.3505730695253
"dPB133","G03","52345-513",513,2,"Husbandry Area","Smith Root",0,"0 m",1628,1633,988,2.8,1,"DL/16S duplex","Tt_DLL1",1,"DNA1",1.1340518,21796,21,21775,-12.3505730695253
"dPB133","G07","52345-513",513,2,"Husbandry Area","Smith Root",0,"0 m",1628,1633,988,2.8,1,"DL/16S duplex","Tt_DLL1",2,"DNA1",2.104598999,22380,40,22340,-12.3505730695253
"dPB133","G11","52345-513",513,2,"Husbandry Area","Smith Root",0,"0 m",1628,1633,988,2.8,1,"DL/16S duplex","Tt_DLL1",3,"DNA1",1.399850488,22705,27,22678,-12.3505730695253
"dPB133","G03","52345-513",513,2,"Husbandry Area","Smith Root",0,"0 m",1628,1633,988,2.8,1,"DL/16S duplex","Tt_longFrag",1,"DNA1",0.538171348,21796,10,21786,-12.3505730695253
"dPB133","G07","52345-513",513,2,"Husbandry Area","Smith Root",0,"0 m",1628,1633,988,2.8,1,"DL/16S duplex","Tt_longFrag",2,"DNA1",0.942372336,22380,18,22362,-12.3505730695253
"dPB133","G11","52345-513",513,2,"Husbandry Area","Smith Root",0,"0 m",1628,1633,988,2.8,1,"DL/16S duplex","Tt_longFrag",3,"DNA1",0.463534663,22705,9,22696,-12.3505730695253
"dPB125","G01","52345-513",513,2,"Husbandry Area","Smith Root",0,"0 m",1628,1633,988,2.8,1,"Cytb monoplex","cytb",1,"DNA1",2.72205257415771,21635,50,21585,-12.3505730695253
"dPB125","G05","52345-513",513,2,"Husbandry Area","Smith Root",0,"0 m",1628,1633,988,2.8,1,"Cytb monoplex","cytb",2,"DNA1",2.35919880867004,22962,46,22916,-12.3505730695253
"dPB125","G09","52345-513",513,2,"Husbandry Area","Smith Root",0,"0 m",1628,1633,988,2.8,1,"Cytb monoplex","cytb",3,"DNA1",2.58133411407471,20988,46,20942,-12.3505730695253
"dPB134","D01","52345-514",514,3,"Husbandry Area","Smith Root",0,"0 m",1639,1643,999,2.8,1,"DL/16S duplex","Tt_16S",1,"DNA1",0.495277852,19007,8,18999,-12.3505730695253
"dPB134","D05","52345-514",514,3,"Husbandry Area","Smith Root",0,"0 m",1639,1643,999,2.8,1,"DL/16S duplex","Tt_16S",2,"DNA1",1.064045787,21017,19,20998,-12.3505730695253
"dPB134","D09","52345-514",514,3,"Husbandry Area","Smith Root",0,"0 m",1639,1643,999,2.8,1,"DL/16S duplex","Tt_16S",3,"DNA1",0.526712358,20107,9,20098,-12.3505730695253
"dPB134","D01","52345-514",514,3,"Husbandry Area","Smith Root",0,"0 m",1639,1643,999,2.8,1,"DL/16S duplex","Tt_DLL1",1,"DNA1",0.247612849,19007,4,19003,-12.3505730695253
"dPB134","D05","52345-514",514,3,"Husbandry Area","Smith Root",0,"0 m",1639,1643,999,2.8,1,"DL/16S duplex","Tt_DLL1",2,"DNA1",0.951995671,21017,17,21000,-12.3505730695253
"dPB134","D09","52345-514",514,3,"Husbandry Area","Smith Root",0,"0 m",1639,1643,999,2.8,1,"DL/16S duplex","Tt_DLL1",3,"DNA1",0.585250497,20107,10,20097,-12.3505730695253
"dPB134","D01","52345-514",514,3,"Husbandry Area","Smith Root",0,"0 m",1639,1643,999,2.8,1,"DL/16S duplex","Tt_longFrag",1,"DNA1",0.123695695,19007,2,19005,-12.3505730695253
"dPB134","D05","52345-514",514,3,"Husbandry Area","Smith Root",0,"0 m",1639,1643,999,2.8,1,"DL/16S duplex","Tt_longFrag",2,"DNA1",0.615048494,21017,11,21006,-12.3505730695253
"dPB134","D09","52345-514",514,3,"Husbandry Area","Smith Root",0,"0 m",1639,1643,999,2.8,1,"DL/16S duplex","Tt_longFrag",3,"DNA1",0.233803328,20107,4,20103,-12.3505730695253
"dPB126","D01","52345-514",514,3,"Husbandry Area","Smith Root",0,"0 m",1639,1643,999,2.8,1,"Cytb monoplex","cytb",1,"DNA1",0.624468684196472,20729,11,20718,-12.3505730695253
"dPB126","D05","52345-514",514,3,"Husbandry Area","Smith Root",0,"0 m",1639,1643,999,2.8,1,"Cytb monoplex","cytb",2,"DNA1",0.859344065189362,20543,15,20528,-12.3505730695253
"dPB126","D09","52345-514",514,3,"Husbandry Area","Smith Root",0,"0 m",1639,1643,999,2.8,1,"Cytb monoplex","cytb",3,"DNA1",0.678487122058868,22548,13,22535,-12.3505730695253
"dPB133","G04","52345-531",531,1,"Husbandry Area","Pufferfish",2,"2 m",1130,1130,690,3.002666667,1,"DL/16S duplex","Tt_16S",1,"DNA1",8.70042038,18458,136,18322,-12.2806917038662
"dPB133","G08","52345-531",531,1,"Husbandry Area","Pufferfish",2,"2 m",1130,1130,690,3.002666667,1,"DL/16S duplex","Tt_16S",2,"DNA1",8.652504921,20061,147,19914,-12.2806917038662
"dPB133","G12","52345-531",531,1,"Husbandry Area","Pufferfish",2,"2 m",1130,1130,690,3.002666667,1,"DL/16S duplex","Tt_16S",3,"DNA1",7.863792419,18313,122,18191,-12.2806917038662
"dPB133","G04","52345-531",531,1,"Husbandry Area","Pufferfish",2,"2 m",1130,1130,690,3.002666667,1,"DL/16S duplex","Tt_DLL1",1,"DNA1",7.994312763,18458,125,18333,-12.2806917038662
"dPB133","G08","52345-531",531,1,"Husbandry Area","Pufferfish",2,"2 m",1130,1130,690,3.002666667,1,"DL/16S duplex","Tt_DLL1",2,"DNA1",7.766675472,20061,132,19929,-12.2806917038662
"dPB133","G12","52345-531",531,1,"Husbandry Area","Pufferfish",2,"2 m",1130,1130,690,3.002666667,1,"DL/16S duplex","Tt_DLL1",3,"DNA1",6.764861107,18313,105,18208,-12.2806917038662
"dPB133","G04","52345-531",531,1,"Husbandry Area","Pufferfish",2,"2 m",1130,1130,690,3.002666667,1,"DL/16S duplex","Tt_longFrag",1,"DNA1",2.685080101,18458,42,18416,-12.2806917038662
"dPB133","G08","52345-531",531,1,"Husbandry Area","Pufferfish",2,"2 m",1130,1130,690,3.002666667,1,"DL/16S duplex","Tt_longFrag",2,"DNA1",2.408816146,20061,41,20020,-12.2806917038662
"dPB133","G12","52345-531",531,1,"Husbandry Area","Pufferfish",2,"2 m",1130,1130,690,3.002666667,1,"DL/16S duplex","Tt_longFrag",3,"DNA1",2.076892743,18313,32,18281,-12.2806917038662
"dPB125","G02","52345-531",531,1,"Husbandry Area","Pufferfish",2,"2 m",1130,1130,690,3.002666667,1,"Cytb monoplex","cytb",1,"DNA1",12.544864654541,21402,227,21175,-12.2806917038662
"dPB125","G06","52345-531",531,1,"Husbandry Area","Pufferfish",2,"2 m",1130,1130,690,3.002666667,1,"Cytb monoplex","cytb",2,"DNA1",11.687310218811,18614,184,18430,-12.2806917038662
"dPB125","G10","52345-531",531,1,"Husbandry Area","Pufferfish",2,"2 m",1130,1130,690,3.002666667,1,"Cytb monoplex","cytb",3,"DNA1",13.0578966140747,20928,231,20697,-12.2806917038662
"dPB133","D04","52345-532",532,2,"Husbandry Area","Pufferfish",2,"2 m",1130,1130,690,3.002666667,1,"DL/16S duplex","Tt_16S",1,"DNA1",6.842707634,20002,116,19886,-12.2806917038662
"dPB133","D08","52345-532",532,2,"Husbandry Area","Pufferfish",2,"2 m",1130,1130,690,3.002666667,1,"DL/16S duplex","Tt_16S",2,"DNA1",7.394405842,19312,121,19191,-12.2806917038662
"dPB133","D12","52345-532",532,2,"Husbandry Area","Pufferfish",2,"2 m",1130,1130,690,3.002666667,1,"DL/16S duplex","Tt_16S",3,"DNA1",6.82373476,17118,99,17019,-12.2806917038662
"dPB133","D04","52345-532",532,2,"Husbandry Area","Pufferfish",2,"2 m",1130,1130,690,3.002666667,1,"DL/16S duplex","Tt_DLL1",1,"DNA1",7.19772625,20002,122,19880,-12.2806917038662
"dPB133","D08","52345-532",532,2,"Husbandry Area","Pufferfish",2,"2 m",1130,1130,690,3.002666667,1,"DL/16S duplex","Tt_DLL1",2,"DNA1",7.210510731,19312,118,19194,-12.2806917038662
"dPB133","D12","52345-532",532,2,"Husbandry Area","Pufferfish",2,"2 m",1130,1130,690,3.002666667,1,"DL/16S duplex","Tt_DLL1",3,"DNA1",6.547259331,17118,95,17023,-12.2806917038662
"dPB133","D04","52345-532",532,2,"Husbandry Area","Pufferfish",2,"2 m",1130,1130,690,3.002666667,1,"DL/16S duplex","Tt_longFrag",1,"DNA1",2.313363662,20002,39,19963,-12.2806917038662
"dPB133","D08","52345-532",532,2,"Husbandry Area","Pufferfish",2,"2 m",1130,1130,690,3.002666667,1,"DL/16S duplex","Tt_longFrag",2,"DNA1",1.722876669,19312,28,19284,-12.2806917038662
"dPB133","D12","52345-532",532,2,"Husbandry Area","Pufferfish",2,"2 m",1130,1130,690,3.002666667,1,"DL/16S duplex","Tt_longFrag",3,"DNA1",2.163495292,17118,31,17087,-12.2806917038662
"dPB125","D02","52345-532",532,2,"Husbandry Area","Pufferfish",2,"2 m",1130,1130,690,3.002666667,1,"Cytb monoplex","cytb",1,"DNA1",10.4462985992432,20475,181,20294,-12.2806917038662
"dPB125","D06","52345-532",532,2,"Husbandry Area","Pufferfish",2,"2 m",1130,1130,690,3.002666667,1,"Cytb monoplex","cytb",2,"DNA1",10.6058969497681,18274,164,18110,-12.2806917038662
"dPB125","D10","52345-532",532,2,"Husbandry Area","Pufferfish",2,"2 m",1130,1130,690,3.002666667,1,"Cytb monoplex","cytb",3,"DNA1",11.4724454879761,21331,207,21124,-12.2806917038662
"dPB134","C02","52345-533",533,3,"Husbandry Area","Pufferfish",2,"2 m",1130,1130,690,3.002666667,1,"DL/16S duplex","Tt_16S",1,"DNA1",6.009227276,17665,90,17575,-12.2806917038662
"dPB134","C06","52345-533",533,3,"Husbandry Area","Pufferfish",2,"2 m",1130,1130,690,3.002666667,1,"DL/16S duplex","Tt_16S",2,"DNA1",6.265999317,18449,98,18351,-12.2806917038662
"dPB134","C10","52345-533",533,3,"Husbandry Area","Pufferfish",2,"2 m",1130,1130,690,3.002666667,1,"DL/16S duplex","Tt_16S",3,"DNA1",5.30698204,19330,87,19243,-12.2806917038662
"dPB134","C02","52345-533",533,3,"Husbandry Area","Pufferfish",2,"2 m",1130,1130,690,3.002666667,1,"DL/16S duplex","Tt_DLL1",1,"DNA1",5.674574375,17665,85,17580,-12.2806917038662
"dPB134","C06","52345-533",533,3,"Husbandry Area","Pufferfish",2,"2 m",1130,1130,690,3.002666667,1,"DL/16S duplex","Tt_DLL1",2,"DNA1",5.88140583,18449,92,18357,-12.2806917038662
"dPB134","C10","52345-533",533,3,"Husbandry Area","Pufferfish",2,"2 m",1130,1130,690,3.002666667,1,"DL/16S duplex","Tt_DLL1",3,"DNA1",5.673865318,19330,93,19237,-12.2806917038662
"dPB134","C02","52345-533",533,3,"Husbandry Area","Pufferfish",2,"2 m",1130,1130,690,3.002666667,1,"DL/16S duplex","Tt_longFrag",1,"DNA1",0.837242968,17665,13,17652,-12.2806917038662
"dPB134","C06","52345-533",533,3,"Husbandry Area","Pufferfish",2,"2 m",1130,1130,690,3.002666667,1,"DL/16S duplex","Tt_longFrag",2,"DNA1",1.308708711,18449,21,18428,-12.2806917038662
"dPB134","C10","52345-533",533,3,"Husbandry Area","Pufferfish",2,"2 m",1130,1130,690,3.002666667,1,"DL/16S duplex","Tt_longFrag",3,"DNA1",0.887795885,19330,15,19315,-12.2806917038662
"dPB126","C02","52345-533",533,3,"Husbandry Area","Pufferfish",2,"2 m",1130,1130,690,3.002666667,1,"Cytb monoplex","cytb",1,"DNA1",7.97687482833862,20718,140,20578,-12.2806917038662
"dPB126","C06","52345-533",533,3,"Husbandry Area","Pufferfish",2,"2 m",1130,1130,690,3.002666667,1,"Cytb monoplex","cytb",2,"DNA1",7.44054698944092,19034,120,18914,-12.2806917038662
"dPB126","C10","52345-533",533,3,"Husbandry Area","Pufferfish",2,"2 m",1130,1130,690,3.002666667,1,"Cytb monoplex","cytb",3,"DNA1",6.92766523361206,21120,124,20996,-12.2806917038662
"dPB133","A04","52345-534",534,2,"Husbandry Area","Pufferfish",2,"2 m",1200,1200,720,3.016666667,1,"DL/16S duplex","Tt_16S",1,"DNA1",4.634985924,18820,74,18746,-12.2760400175522
"dPB133","A08","52345-534",534,2,"Husbandry Area","Pufferfish",2,"2 m",1200,1200,720,3.016666667,1,"DL/16S duplex","Tt_16S",2,"DNA1",4.641438961,17778,70,17708,-12.2760400175522
"dPB133","A12","52345-534",534,2,"Husbandry Area","Pufferfish",2,"2 m",1200,1200,720,3.016666667,1,"DL/16S duplex","Tt_16S",3,"DNA1",2.207952976,17600,33,17567,-12.2760400175522
"dPB133","A04","52345-534",534,2,"Husbandry Area","Pufferfish",2,"2 m",1200,1200,720,3.016666667,1,"DL/16S duplex","Tt_DLL1",1,"DNA1",4.6977458,18820,75,18745,-12.2760400175522
"dPB133","A08","52345-534",534,2,"Husbandry Area","Pufferfish",2,"2 m",1200,1200,720,3.016666667,1,"DL/16S duplex","Tt_DLL1",2,"DNA1",4.44214344,17778,67,17711,-12.2760400175522
"dPB133","A12","52345-534",534,2,"Husbandry Area","Pufferfish",2,"2 m",1200,1200,720,3.016666667,1,"DL/16S duplex","Tt_DLL1",3,"DNA1",3.279968977,17600,49,17551,-12.2760400175522
"dPB133","A04","52345-534",534,2,"Husbandry Area","Pufferfish",2,"2 m",1200,1200,720,3.016666667,1,"DL/16S duplex","Tt_longFrag",1,"DNA1",1.357606228,18820,22,18798,-12.2760400175522
"dPB133","A08","52345-534",534,2,"Husbandry Area","Pufferfish",2,"2 m",1200,1200,720,3.016666667,1,"DL/16S duplex","Tt_longFrag",2,"DNA1",0.975581293,17778,15,17763,-12.2760400175522
"dPB133","A12","52345-534",534,2,"Husbandry Area","Pufferfish",2,"2 m",1200,1200,720,3.016666667,1,"DL/16S duplex","Tt_longFrag",3,"DNA1",0.528736778,17600,8,17592,-12.2760400175522
"dPB125","A02","52345-534",534,2,"Husbandry Area","Pufferfish",2,"2 m",1200,1200,720,3.016666667,1,"Cytb monoplex","cytb",1,"DNA1",5.86564779281616,20107,100,20007,-12.2760400175522
"dPB125","A06","52345-534",534,2,"Husbandry Area","Pufferfish",2,"2 m",1200,1200,720,3.016666667,1,"Cytb monoplex","cytb",2,"DNA1",5.25120782852173,20433,91,20342,-12.2760400175522
"dPB125","A10","52345-534",534,2,"Husbandry Area","Pufferfish",2,"2 m",1200,1200,720,3.016666667,1,"Cytb monoplex","cytb",3,"DNA1",7.20752143859863,21121,129,20992,-12.2760400175522
"dPB133","B04","52345-535",535,1,"Husbandry Area","Pufferfish",2,"2 m",1200,1200,720,3.016666667,1,"DL/16S duplex","Tt_16S",1,"DNA1",1.244020939,18924,20,18904,-12.2760400175522
"dPB133","B08","52345-535",535,1,"Husbandry Area","Pufferfish",2,"2 m",1200,1200,720,3.016666667,1,"DL/16S duplex","Tt_16S",2,"DNA1",1.678274989,21045,30,21015,-12.2760400175522
"dPB133","B12","52345-535",535,1,"Husbandry Area","Pufferfish",2,"2 m",1200,1200,720,3.016666667,1,"DL/16S duplex","Tt_16S",3,"DNA1",1.282574534,20191,22,20169,-12.2760400175522
"dPB133","B04","52345-535",535,1,"Husbandry Area","Pufferfish",2,"2 m",1200,1200,720,3.016666667,1,"DL/16S duplex","Tt_DLL1",1,"DNA1",0.932892382,18924,15,18909,-12.2760400175522
"dPB133","B08","52345-535",535,1,"Husbandry Area","Pufferfish",2,"2 m",1200,1200,720,3.016666667,1,"DL/16S duplex","Tt_DLL1",2,"DNA1",0.950728476,21045,17,21028,-12.2760400175522
"dPB133","B12","52345-535",535,1,"Husbandry Area","Pufferfish",2,"2 m",1200,1200,720,3.016666667,1,"DL/16S duplex","Tt_DLL1",3,"DNA1",0.874330938,20191,15,20176,-12.2760400175522
"dPB133","B04","52345-535",535,1,"Husbandry Area","Pufferfish",2,"2 m",1200,1200,720,3.016666667,1,"DL/16S duplex","Tt_longFrag",1,"DNA1",0.247713241,18924,4,18920,-12.2760400175522
"dPB133","B08","52345-535",535,1,"Husbandry Area","Pufferfish",2,"2 m",1200,1200,720,3.016666667,1,"DL/16S duplex","Tt_longFrag",2,"DNA1",0.222276735,21045,4,21041,-12.2760400175522
"dPB133","B12","52345-535",535,1,"Husbandry Area","Pufferfish",2,"2 m",1200,1200,720,3.016666667,1,"DL/16S duplex","Tt_longFrag",3,"DNA1",0.115587523,20191,2,20189,-12.2760400175522
"dPB125","B02","52345-535",535,1,"Husbandry Area","Pufferfish",2,"2 m",1200,1200,720,3.016666667,1,"Cytb monoplex","cytb",1,"DNA1",1.4437267780304,21200,26,21174,-12.2760400175522
"dPB125","B06","52345-535",535,1,"Husbandry Area","Pufferfish",2,"2 m",1200,1200,720,3.016666667,1,"Cytb monoplex","cytb",2,"DNA1",1.68624877929688,18851,27,18824,-12.2760400175522
"dPB125","B10","52345-535",535,1,"Husbandry Area","Pufferfish",2,"2 m",1200,1200,720,3.016666667,1,"Cytb monoplex","cytb",3,"DNA1",1.61034858226776,21201,29,21172,-12.2760400175522
"dPB134","A03","52345-536",536,3,"Husbandry Area","Pufferfish",2,"2 m",1200,1200,720,3.016666667,1,"DL/16S duplex","Tt_16S",1,"DNA1",1.304493666,22559,25,22534,-12.2760400175522
"dPB134","A07","52345-536",536,3,"Husbandry Area","Pufferfish",2,"2 m",1200,1200,720,3.016666667,1,"DL/16S duplex","Tt_16S",2,"DNA1",1.145780087,21573,21,21552,-12.2760400175522
"dPB134","A11","52345-536",536,3,"Husbandry Area","Pufferfish",2,"2 m",1200,1200,720,3.016666667,1,"DL/16S duplex","Tt_16S",3,"DNA1",1.392899394,21128,25,21103,-12.2760400175522
"dPB134","A03","52345-536",536,3,"Husbandry Area","Pufferfish",2,"2 m",1200,1200,720,3.016666667,1,"DL/16S duplex","Tt_DLL1",1,"DNA1",0.991283298,22559,19,22540,-12.2760400175522
"dPB134","A07","52345-536",536,3,"Husbandry Area","Pufferfish",2,"2 m",1200,1200,720,3.016666667,1,"DL/16S duplex","Tt_DLL1",2,"DNA1",1.364150405,21573,25,21548,-12.2760400175522
"dPB134","A11","52345-536",536,3,"Husbandry Area","Pufferfish",2,"2 m",1200,1200,720,3.016666667,1,"DL/16S duplex","Tt_DLL1",3,"DNA1",0.946992099,21128,17,21111,-12.2760400175522
"dPB134","A03","52345-536",536,3,"Husbandry Area","Pufferfish",2,"2 m",1200,1200,720,3.016666667,1,"DL/16S duplex","Tt_longFrag",1,"DNA1",0.468352606,22559,9,22550,-12.2760400175522
"dPB134","A07","52345-536",536,3,"Husbandry Area","Pufferfish",2,"2 m",1200,1200,720,3.016666667,1,"DL/16S duplex","Tt_longFrag",2,"DNA1",0.435028465,21573,8,21565,-12.2760400175522
"dPB134","A11","52345-536",536,3,"Husbandry Area","Pufferfish",2,"2 m",1200,1200,720,3.016666667,1,"DL/16S duplex","Tt_longFrag",3,"DNA1",0.500133271,21128,9,21119,-12.2760400175522
"dPB127","A01","52345-536",536,3,"Husbandry Area","Pufferfish",2,"2 m",1200,1200,720,3.016666667,1,"Cytb monoplex","cytb",1,"DNA1",1.83099377155304,20577,32,20545,-12.2760400175522
"dPB127","A05","52345-536",536,3,"Husbandry Area","Pufferfish",2,"2 m",1200,1200,720,3.016666667,1,"Cytb monoplex","cytb",2,"DNA1",1.44114196300507,21238,26,21212,-12.2760400175522
"dPB127","A09","52345-536",536,3,"Husbandry Area","Pufferfish",2,"2 m",1200,1200,720,3.016666667,1,"Cytb monoplex","cytb",3,"DNA1",1.35417544841766,19124,22,19102,-12.2760400175522
"dPB133","A02","52345-537",537,1,"Husbandry Area","Pufferfish",2,"2 m",1234,1234,754,3.007333333,1,"DL/16S duplex","Tt_16S",1,"DNA1",0,19342,0,19342,-12.2791387364992
"dPB133","A06","52345-537",537,1,"Husbandry Area","Pufferfish",2,"2 m",1234,1234,754,3.007333333,1,"DL/16S duplex","Tt_16S",2,"DNA1",0.158578902,22258,3,22255,-12.2791387364992
"dPB133","A10","52345-537",537,1,"Husbandry Area","Pufferfish",2,"2 m",1234,1234,754,3.007333333,1,"DL/16S duplex","Tt_16S",3,"DNA1",0.103172027,22807,2,22805,-12.2791387364992
"dPB133","A02","52345-537",537,1,"Husbandry Area","Pufferfish",2,"2 m",1234,1234,754,3.007333333,1,"DL/16S duplex","Tt_DLL1",1,"DNA1",0,19342,0,19342,-12.2791387364992
"dPB133","A06","52345-537",537,1,"Husbandry Area","Pufferfish",2,"2 m",1234,1234,754,3.007333333,1,"DL/16S duplex","Tt_DLL1",2,"DNA1",0.158578902,22258,3,22255,-12.2791387364992
"dPB133","A10","52345-537",537,1,"Husbandry Area","Pufferfish",2,"2 m",1234,1234,754,3.007333333,1,"DL/16S duplex","Tt_DLL1",3,"DNA1",0.051584881,22807,1,22806,-12.2791387364992
"dPB133","A02","52345-537",537,1,"Husbandry Area","Pufferfish",2,"2 m",1234,1234,754,3.007333333,1,"DL/16S duplex","Tt_longFrag",1,"DNA1",0,19342,0,19342,-12.2791387364992
"dPB133","A06","52345-537",537,1,"Husbandry Area","Pufferfish",2,"2 m",1234,1234,754,3.007333333,1,"DL/16S duplex","Tt_longFrag",2,"DNA1",0.052835892,22258,1,22257,-12.2791387364992
"dPB133","A10","52345-537",537,1,"Husbandry Area","Pufferfish",2,"2 m",1234,1234,754,3.007333333,1,"DL/16S duplex","Tt_longFrag",3,"DNA1",0,22807,0,22807,-12.2791387364992
"dPB124","A02","52345-537",537,1,"Husbandry Area","Pufferfish",2,"2 m",1234,1234,754,3.007333333,1,"Cytb monoplex","cytb",1,"DNA1",0.16250716149807,21720,3,21717,-12.2791387364992
"dPB124","A06","52345-537",537,1,"Husbandry Area","Pufferfish",2,"2 m",1234,1234,754,3.007333333,1,"Cytb monoplex","cytb",2,"DNA1",0.053799957036972,21868,1,21867,-12.2791387364992
"dPB124","A10","52345-537",537,1,"Husbandry Area","Pufferfish",2,"2 m",1234,1234,754,3.007333333,1,"Cytb monoplex","cytb",3,"DNA1",0.0523865334689617,22458,1,22457,-12.2791387364992
"dPB134","A01","52345-538",538,2,"Husbandry Area","Pufferfish",2,"2 m",1234,1234,754,3.007333333,1,"DL/16S duplex","Tt_16S",1,"DNA1",0.189107716,18665,3,18662,-12.2791387364992
"dPB134","A05","52345-538",538,2,"Husbandry Area","Pufferfish",2,"2 m",1234,1234,754,3.007333333,1,"DL/16S duplex","Tt_16S",2,"DNA1",0.118949555,19782,2,19780,-12.2791387364992
"dPB134","A09","52345-538",538,2,"Husbandry Area","Pufferfish",2,"2 m",1234,1234,754,3.007333333,1,"DL/16S duplex","Tt_16S",3,"DNA1",0.218421087,21547,4,21543,-12.2791387364992
"dPB134","A01","52345-538",538,2,"Husbandry Area","Pufferfish",2,"2 m",1234,1234,754,3.007333333,1,"DL/16S duplex","Tt_DLL1",1,"DNA1",0.189107716,18665,3,18662,-12.2791387364992
"dPB134","A05","52345-538",538,2,"Husbandry Area","Pufferfish",2,"2 m",1234,1234,754,3.007333333,1,"DL/16S duplex","Tt_DLL1",2,"DNA1",0,19782,0,19782,-12.2791387364992
"dPB134","A09","52345-538",538,2,"Husbandry Area","Pufferfish",2,"2 m",1234,1234,754,3.007333333,1,"DL/16S duplex","Tt_DLL1",3,"DNA1",0,21547,0,21547,-12.2791387364992
"dPB134","A01","52345-538",538,2,"Husbandry Area","Pufferfish",2,"2 m",1234,1234,754,3.007333333,1,"DL/16S duplex","Tt_longFrag",1,"DNA1",0,18665,0,18665,-12.2791387364992
"dPB134","A05","52345-538",538,2,"Husbandry Area","Pufferfish",2,"2 m",1234,1234,754,3.007333333,1,"DL/16S duplex","Tt_longFrag",2,"DNA1",0,19782,0,19782,-12.2791387364992
"dPB134","A09","52345-538",538,2,"Husbandry Area","Pufferfish",2,"2 m",1234,1234,754,3.007333333,1,"DL/16S duplex","Tt_longFrag",3,"DNA1",0,21547,0,21547,-12.2791387364992
"dPB126","A01","52345-538",538,2,"Husbandry Area","Pufferfish",2,"2 m",1234,1234,754,3.007333333,1,"Cytb monoplex","cytb",1,"DNA1",0.305537104606628,19255,5,19250,-12.2791387364992
"dPB126","A05","52345-538",538,2,"Husbandry Area","Pufferfish",2,"2 m",1234,1234,754,3.007333333,1,"Cytb monoplex","cytb",2,"DNA1",0.292152911424637,20137,5,20132,-12.2791387364992
"dPB126","A09","52345-538",538,2,"Husbandry Area","Pufferfish",2,"2 m",1234,1234,754,3.007333333,1,"Cytb monoplex","cytb",3,"DNA1",0.321220636367798,21978,6,21972,-12.2791387364992
"dPB134","E02","52345-539",539,3,"Husbandry Area","Pufferfish",2,"2 m",1234,1234,754,3.007333333,1,"DL/16S duplex","Tt_16S",1,"DNA1",0.0578986,20320,1,20319,-12.2791387364992
"dPB134","E06","52345-539",539,3,"Husbandry Area","Pufferfish",2,"2 m",1234,1234,754,3.007333333,1,"DL/16S duplex","Tt_16S",2,"DNA1",0,20178,0,20178,-12.2791387364992
"dPB134","E10","52345-539",539,3,"Husbandry Area","Pufferfish",2,"2 m",1234,1234,754,3.007333333,1,"DL/16S duplex","Tt_16S",3,"DNA1",0,22174,0,22174,-12.2791387364992
"dPB134","E02","52345-539",539,3,"Husbandry Area","Pufferfish",2,"2 m",1234,1234,754,3.007333333,1,"DL/16S duplex","Tt_DLL1",1,"DNA1",0,20320,0,20320,-12.2791387364992
"dPB134","E06","52345-539",539,3,"Husbandry Area","Pufferfish",2,"2 m",1234,1234,754,3.007333333,1,"DL/16S duplex","Tt_DLL1",2,"DNA1",0.058306061,20178,1,20177,-12.2791387364992
"dPB134","E10","52345-539",539,3,"Husbandry Area","Pufferfish",2,"2 m",1234,1234,754,3.007333333,1,"DL/16S duplex","Tt_DLL1",3,"DNA1",0.159179688,22174,3,22171,-12.2791387364992
"dPB134","E02","52345-539",539,3,"Husbandry Area","Pufferfish",2,"2 m",1234,1234,754,3.007333333,1,"DL/16S duplex","Tt_longFrag",1,"DNA1",0,20320,0,20320,-12.2791387364992
"dPB134","E06","52345-539",539,3,"Husbandry Area","Pufferfish",2,"2 m",1234,1234,754,3.007333333,1,"DL/16S duplex","Tt_longFrag",2,"DNA1",0,20178,0,20178,-12.2791387364992
"dPB134","E10","52345-539",539,3,"Husbandry Area","Pufferfish",2,"2 m",1234,1234,754,3.007333333,1,"DL/16S duplex","Tt_longFrag",3,"DNA1",0,22174,0,22174,-12.2791387364992
"dPB126","E02","52345-539",539,3,"Husbandry Area","Pufferfish",2,"2 m",1234,1234,754,3.007333333,1,"Cytb monoplex","cytb",1,"DNA1",0.116165943443775,20256,2,20254,-12.2791387364992
"dPB126","E06","52345-539",539,3,"Husbandry Area","Pufferfish",2,"2 m",1234,1234,754,3.007333333,1,"Cytb monoplex","cytb",2,"DNA1",0.0575924888253212,20428,1,20427,-12.2791387364992
"dPB126","E10","52345-539",539,3,"Husbandry Area","Pufferfish",2,"2 m",1234,1234,754,3.007333333,1,"Cytb monoplex","cytb",3,"DNA1",0.0549047030508518,21428,1,21427,-12.2791387364992
"dPB134","F03","52345-540",540,1,"Husbandry Area","Pufferfish",2,"2 m",1300,1300,780,3.005333333,1,"DL/16S duplex","Tt_16S",1,"DNA1",2.053904295,21212,37,21175,-12.279803998748
"dPB134","F07","52345-540",540,1,"Husbandry Area","Pufferfish",2,"2 m",1300,1300,780,3.005333333,1,"DL/16S duplex","Tt_16S",2,"DNA1",1.398383379,21887,26,21861,-12.279803998748
"dPB134","F11","52345-540",540,1,"Husbandry Area","Pufferfish",2,"2 m",1300,1300,780,3.005333333,1,"DL/16S duplex","Tt_16S",3,"DNA1",1.059777379,19991,18,19973,-12.279803998748
"dPB134","F03","52345-540",540,1,"Husbandry Area","Pufferfish",2,"2 m",1300,1300,780,3.005333333,1,"DL/16S duplex","Tt_DLL1",1,"DNA1",1.109773278,21212,20,21192,-12.279803998748
"dPB134","F07","52345-540",540,1,"Husbandry Area","Pufferfish",2,"2 m",1300,1300,780,3.005333333,1,"DL/16S duplex","Tt_DLL1",2,"DNA1",0.967934489,21887,18,21869,-12.279803998748
"dPB134","F11","52345-540",540,1,"Husbandry Area","Pufferfish",2,"2 m",1300,1300,780,3.005333333,1,"DL/16S duplex","Tt_DLL1",3,"DNA1",1.059777379,19991,18,19973,-12.279803998748
"dPB134","F03","52345-540",540,1,"Husbandry Area","Pufferfish",2,"2 m",1300,1300,780,3.005333333,1,"DL/16S duplex","Tt_longFrag",1,"DNA1",0.16446414,21212,3,21209,-12.279803998748
"dPB134","F07","52345-540",540,1,"Husbandry Area","Pufferfish",2,"2 m",1300,1300,780,3.005333333,1,"DL/16S duplex","Tt_longFrag",2,"DNA1",0.321406698,21887,6,21881,-12.279803998748
"dPB134","F11","52345-540",540,1,"Husbandry Area","Pufferfish",2,"2 m",1300,1300,780,3.005333333,1,"DL/16S duplex","Tt_longFrag",3,"DNA1",0.175609342,19991,3,19988,-12.279803998748
"dPB127","F01","52345-540",540,1,"Husbandry Area","Pufferfish",2,"2 m",1300,1300,780,3.005333333,1,"Cytb monoplex","cytb",1,"DNA1",2.01228976249695,20480,35,20445,-12.279803998748
"dPB127","F05","52345-540",540,1,"Husbandry Area","Pufferfish",2,"2 m",1300,1300,780,3.005333333,1,"Cytb monoplex","cytb",2,"DNA1",1.25577557086945,21559,23,21536,-12.279803998748
"dPB127","F09","52345-540",540,1,"Husbandry Area","Pufferfish",2,"2 m",1300,1300,780,3.005333333,1,"Cytb monoplex","cytb",3,"DNA1",1.14530205726624,21582,21,21561,-12.279803998748
"dPB133","C04","52345-541",541,2,"Husbandry Area","Pufferfish",2,"2 m",1300,1300,780,3.005333333,1,"DL/16S duplex","Tt_16S",1,"DNA1",3.011471272,19167,49,19118,-12.279803998748
"dPB133","C08","52345-541",541,2,"Husbandry Area","Pufferfish",2,"2 m",1300,1300,780,3.005333333,1,"DL/16S duplex","Tt_16S",2,"DNA1",2.203407764,19774,37,19737,-12.279803998748
"dPB133","C12","52345-541",541,2,"Husbandry Area","Pufferfish",2,"2 m",1300,1300,780,3.005333333,1,"DL/16S duplex","Tt_16S",3,"DNA1",1.714584112,19913,29,19884,-12.279803998748
"dPB133","C04","52345-541",541,2,"Husbandry Area","Pufferfish",2,"2 m",1300,1300,780,3.005333333,1,"DL/16S duplex","Tt_DLL1",1,"DNA1",1.65842855,19167,27,19140,-12.279803998748
"dPB133","C08","52345-541",541,2,"Husbandry Area","Pufferfish",2,"2 m",1300,1300,780,3.005333333,1,"DL/16S duplex","Tt_DLL1",2,"DNA1",2.322628498,19774,39,19735,-12.279803998748
"dPB133","C12","52345-541",541,2,"Husbandry Area","Pufferfish",2,"2 m",1300,1300,780,3.005333333,1,"DL/16S duplex","Tt_DLL1",3,"DNA1",2.010454655,19913,34,19879,-12.279803998748
"dPB133","C04","52345-541",541,2,"Husbandry Area","Pufferfish",2,"2 m",1300,1300,780,3.005333333,1,"DL/16S duplex","Tt_longFrag",1,"DNA1",0.425500236,19167,7,19160,-12.279803998748
"dPB133","C08","52345-541",541,2,"Husbandry Area","Pufferfish",2,"2 m",1300,1300,780,3.005333333,1,"DL/16S duplex","Tt_longFrag",2,"DNA1",0.471719531,19774,8,19766,-12.279803998748
"dPB133","C12","52345-541",541,2,"Husbandry Area","Pufferfish",2,"2 m",1300,1300,780,3.005333333,1,"DL/16S duplex","Tt_longFrag",3,"DNA1",0.233419878,19913,4,19909,-12.279803998748
"dPB125","C02","52345-541",541,2,"Husbandry Area","Pufferfish",2,"2 m",1300,1300,780,3.005333333,1,"Cytb monoplex","cytb",1,"DNA1",3.4507155418396,21169,62,21107,-12.279803998748
"dPB125","C06","52345-541",541,2,"Husbandry Area","Pufferfish",2,"2 m",1300,1300,780,3.005333333,1,"Cytb monoplex","cytb",2,"DNA1",3.32709217071533,20538,58,20480,-12.279803998748
"dPB125","C10","52345-541",541,2,"Husbandry Area","Pufferfish",2,"2 m",1300,1300,780,3.005333333,1,"Cytb monoplex","cytb",3,"DNA1",3.19095253944397,21413,58,21355,-12.279803998748
"dPB134","H01","52345-542",542,3,"Husbandry Area","Pufferfish",2,"2 m",1300,1300,780,3.005333333,1,"DL/16S duplex","Tt_16S",1,"DNA1",1.355347037,19976,23,19953,-12.279803998748
"dPB134","H05","52345-542",542,3,"Husbandry Area","Pufferfish",2,"2 m",1300,1300,780,3.005333333,1,"DL/16S duplex","Tt_16S",2,"DNA1",0.856424689,20613,15,20598,-12.279803998748
"dPB134","H09","52345-542",542,3,"Husbandry Area","Pufferfish",2,"2 m",1300,1300,780,3.005333333,1,"DL/16S duplex","Tt_16S",3,"DNA1",0.455246419,20678,8,20670,-12.279803998748
"dPB134","H01","52345-542",542,3,"Husbandry Area","Pufferfish",2,"2 m",1300,1300,780,3.005333333,1,"DL/16S duplex","Tt_DLL1",1,"DNA1",0.824807882,19976,14,19962,-12.279803998748
"dPB134","H05","52345-542",542,3,"Husbandry Area","Pufferfish",2,"2 m",1300,1300,780,3.005333333,1,"DL/16S duplex","Tt_DLL1",2,"DNA1",1.027784467,20613,18,20595,-12.279803998748
"dPB134","H09","52345-542",542,3,"Husbandry Area","Pufferfish",2,"2 m",1300,1300,780,3.005333333,1,"DL/16S duplex","Tt_DLL1",3,"DNA1",0.398331016,20678,7,20671,-12.279803998748
"dPB134","H01","52345-542",542,3,"Husbandry Area","Pufferfish",2,"2 m",1300,1300,780,3.005333333,1,"DL/16S duplex","Tt_longFrag",1,"DNA1",0.470298273,19976,8,19968,-12.279803998748
"dPB134","H05","52345-542",542,3,"Husbandry Area","Pufferfish",2,"2 m",1300,1300,780,3.005333333,1,"DL/16S duplex","Tt_longFrag",2,"DNA1",0.113406288,20613,2,20611,-12.279803998748
"dPB134","H09","52345-542",542,3,"Husbandry Area","Pufferfish",2,"2 m",1300,1300,780,3.005333333,1,"DL/16S duplex","Tt_longFrag",3,"DNA1",0.056742082,20678,1,20677,-12.279803998748
"dPB126","H01","52345-542",542,3,"Husbandry Area","Pufferfish",2,"2 m",1300,1300,780,3.005333333,1,"Cytb monoplex","cytb",1,"DNA1",1.15803360939026,19312,19,19293,-12.279803998748
"dPB126","H05","52345-542",542,3,"Husbandry Area","Pufferfish",2,"2 m",1300,1300,780,3.005333333,1,"Cytb monoplex","cytb",2,"DNA1",1.09828972816467,20362,19,20343,-12.279803998748
"dPB126","H09","52345-542",542,3,"Husbandry Area","Pufferfish",2,"2 m",1300,1300,780,3.005333333,1,"Cytb monoplex","cytb",3,"DNA1",1.86011695861816,22154,35,22119,-12.279803998748
"dPB134","D04","52345-543",543,1,"Husbandry Area","Pufferfish",2,"2 m",1359,1359,839,3.002,1,"DL/16S duplex","Tt_16S",1,"DNA1",1.861551881,19607,31,19576,-12.2809137534952
"dPB134","D08","52345-543",543,1,"Husbandry Area","Pufferfish",2,"2 m",1359,1359,839,3.002,1,"DL/16S duplex","Tt_16S",2,"DNA1",1.69373858,20853,30,20823,-12.2809137534952
"dPB134","D12","52345-543",543,1,"Husbandry Area","Pufferfish",2,"2 m",1359,1359,839,3.002,1,"DL/16S duplex","Tt_16S",3,"DNA1",1.697331548,18728,27,18701,-12.2809137534952
"dPB134","D04","52345-543",543,1,"Husbandry Area","Pufferfish",2,"2 m",1359,1359,839,3.002,1,"DL/16S duplex","Tt_DLL1",1,"DNA1",1.380869389,19607,23,19584,-12.2809137534952
"dPB134","D08","52345-543",543,1,"Husbandry Area","Pufferfish",2,"2 m",1359,1359,839,3.002,1,"DL/16S duplex","Tt_DLL1",2,"DNA1",1.185360909,20853,21,20832,-12.2809137534952
"dPB134","D12","52345-543",543,1,"Husbandry Area","Pufferfish",2,"2 m",1359,1359,839,3.002,1,"DL/16S duplex","Tt_DLL1",3,"DNA1",0.942659616,18728,15,18713,-12.2809137534952
"dPB134","D04","52345-543",543,1,"Husbandry Area","Pufferfish",2,"2 m",1359,1359,839,3.002,1,"DL/16S duplex","Tt_longFrag",1,"DNA1",0.117829093,19607,2,19605,-12.2809137534952
"dPB134","D08","52345-543",543,1,"Husbandry Area","Pufferfish",2,"2 m",1359,1359,839,3.002,1,"DL/16S duplex","Tt_longFrag",2,"DNA1",0.167559472,20853,3,20850,-12.2809137534952
"dPB134","D12","52345-543",543,1,"Husbandry Area","Pufferfish",2,"2 m",1359,1359,839,3.002,1,"DL/16S duplex","Tt_longFrag",3,"DNA1",0.124285695,18728,2,18726,-12.2809137534952
"dPB127","D02","52345-543",543,1,"Husbandry Area","Pufferfish",2,"2 m",1359,1359,839,3.002,1,"Cytb monoplex","cytb",1,"DNA1",2.40421319007874,21063,43,21020,-12.2809137534952
"dPB127","D06","52345-543",543,1,"Husbandry Area","Pufferfish",2,"2 m",1359,1359,839,3.002,1,"Cytb monoplex","cytb",2,"DNA1",1.35362648963928,20871,24,20847,-12.2809137534952
"dPB127","D10","52345-543",543,1,"Husbandry Area","Pufferfish",2,"2 m",1359,1359,839,3.002,1,"Cytb monoplex","cytb",3,"DNA1",1.92670047283173,21389,35,21354,-12.2809137534952
"dPB134","F02","52345-544",544,2,"Husbandry Area","Pufferfish",2,"2 m",1359,1359,839,3.002,1,"DL/16S duplex","Tt_16S",1,"DNA1",1.016906142,19676,17,19659,-12.2809137534952
"dPB134","F06","52345-544",544,2,"Husbandry Area","Pufferfish",2,"2 m",1359,1359,839,3.002,1,"DL/16S duplex","Tt_16S",2,"DNA1",1.050889373,20160,18,20142,-12.2809137534952
"dPB134","F10","52345-544",544,2,"Husbandry Area","Pufferfish",2,"2 m",1359,1359,839,3.002,1,"DL/16S duplex","Tt_16S",3,"DNA1",0.970385075,19406,16,19390,-12.2809137534952
"dPB134","F02","52345-544",544,2,"Husbandry Area","Pufferfish",2,"2 m",1359,1359,839,3.002,1,"DL/16S duplex","Tt_DLL1",1,"DNA1",0.538252532,19676,9,19667,-12.2809137534952
"dPB134","F06","52345-544",544,2,"Husbandry Area","Pufferfish",2,"2 m",1359,1359,839,3.002,1,"DL/16S duplex","Tt_DLL1",2,"DNA1",0.817277253,20160,14,20146,-12.2809137534952
"dPB134","F10","52345-544",544,2,"Husbandry Area","Pufferfish",2,"2 m",1359,1359,839,3.002,1,"DL/16S duplex","Tt_DLL1",3,"DNA1",0.606396854,19406,10,19396,-12.2809137534952
"dPB134","F02","52345-544",544,2,"Husbandry Area","Pufferfish",2,"2 m",1359,1359,839,3.002,1,"DL/16S duplex","Tt_longFrag",1,"DNA1",0.238727927,19676,4,19672,-12.2809137534952
"dPB134","F06","52345-544",544,2,"Husbandry Area","Pufferfish",2,"2 m",1359,1359,839,3.002,1,"DL/16S duplex","Tt_longFrag",2,"DNA1",0.174353489,20160,3,20157,-12.2809137534952
"dPB134","F10","52345-544",544,2,"Husbandry Area","Pufferfish",2,"2 m",1359,1359,839,3.002,1,"DL/16S duplex","Tt_longFrag",3,"DNA1",0.181386337,19406,3,19403,-12.2809137534952
"dPB126","F02","52345-544",544,2,"Husbandry Area","Pufferfish",2,"2 m",1359,1359,839,3.002,1,"Cytb monoplex","cytb",1,"DNA1",1.17113554477692,18091,18,18073,-12.2809137534952
"dPB126","F06","52345-544",544,2,"Husbandry Area","Pufferfish",2,"2 m",1359,1359,839,3.002,1,"Cytb monoplex","cytb",2,"DNA1",1.66780650615692,21177,30,21147,-12.2809137534952
"dPB126","F10","52345-544",544,2,"Husbandry Area","Pufferfish",2,"2 m",1359,1359,839,3.002,1,"Cytb monoplex","cytb",3,"DNA1",1.47787511348724,21507,27,21480,-12.2809137534952
"dPB133","B02","52345-545",545,3,"Husbandry Area","Pufferfish",2,"2 m",1359,1359,839,3.002,1,"DL/16S duplex","Tt_16S",1,"DNA1",3.862931967,22574,74,22500,-12.2809137534952
"dPB133","B06","52345-545",545,3,"Husbandry Area","Pufferfish",2,"2 m",1359,1359,839,3.002,1,"DL/16S duplex","Tt_16S",2,"DNA1",3.556255817,20873,63,20810,-12.2809137534952
"dPB133","B10","52345-545",545,3,"Husbandry Area","Pufferfish",2,"2 m",1359,1359,839,3.002,1,"DL/16S duplex","Tt_16S",3,"DNA1",4.303845406,22456,82,22374,-12.2809137534952
"dPB133","B02","52345-545",545,3,"Husbandry Area","Pufferfish",2,"2 m",1359,1359,839,3.002,1,"DL/16S duplex","Tt_DLL1",1,"DNA1",2.660932064,22574,51,22523,-12.2809137534952
"dPB133","B06","52345-545",545,3,"Husbandry Area","Pufferfish",2,"2 m",1359,1359,839,3.002,1,"DL/16S duplex","Tt_DLL1",2,"DNA1",2.595571518,20873,46,20827,-12.2809137534952
"dPB133","B10","52345-545",545,3,"Husbandry Area","Pufferfish",2,"2 m",1359,1359,839,3.002,1,"DL/16S duplex","Tt_DLL1",3,"DNA1",3.252674341,22456,62,22394,-12.2809137534952
"dPB133","B02","52345-545",545,3,"Husbandry Area","Pufferfish",2,"2 m",1359,1359,839,3.002,1,"DL/16S duplex","Tt_longFrag",1,"DNA1",0,22574,0,22574,-12.2809137534952
"dPB133","B06","52345-545",545,3,"Husbandry Area","Pufferfish",2,"2 m",1359,1359,839,3.002,1,"DL/16S duplex","Tt_longFrag",2,"DNA1",0.274022816,20873,5,20868,-12.2809137534952
"dPB133","B10","52345-545",545,3,"Husbandry Area","Pufferfish",2,"2 m",1359,1359,839,3.002,1,"DL/16S duplex","Tt_longFrag",3,"DNA1",0,22456,0,22456,-12.2809137534952
"dPB124","B02","52345-545",545,3,"Husbandry Area","Pufferfish",2,"2 m",1359,1359,839,3.002,1,"Cytb monoplex","cytb",1,"DNA1",7.07644510269165,19510,117,19393,-12.2809137534952
"dPB124","B06","52345-545",545,3,"Husbandry Area","Pufferfish",2,"2 m",1359,1359,839,3.002,1,"Cytb monoplex","cytb",2,"DNA1",7.04492092132568,21272,127,21145,-12.2809137534952
"dPB124","B10","52345-545",545,3,"Husbandry Area","Pufferfish",2,"2 m",1359,1359,839,3.002,1,"Cytb monoplex","cytb",3,"DNA1",5.25268983840942,22672,101,22571,-12.2809137534952
"dPB134","E03","52345-546",546,1,"Husbandry Area","Pufferfish",2,"2 m",1427,1427,867,3.007,1,"DL/16S duplex","Tt_16S",1,"DNA1",3.717496634,20286,64,20222,-12.2792495827
"dPB134","E07","52345-546",546,1,"Husbandry Area","Pufferfish",2,"2 m",1427,1427,867,3.007,1,"DL/16S duplex","Tt_16S",2,"DNA1",3.899581194,22060,73,21987,-12.2792495827
"dPB134","E11","52345-546",546,1,"Husbandry Area","Pufferfish",2,"2 m",1427,1427,867,3.007,1,"DL/16S duplex","Tt_16S",3,"DNA1",3.659320593,20286,63,20223,-12.2792495827
"dPB134","E03","52345-546",546,1,"Husbandry Area","Pufferfish",2,"2 m",1427,1427,867,3.007,1,"DL/16S duplex","Tt_DLL1",1,"DNA1",2.438281775,20286,42,20244,-12.2792495827
"dPB134","E07","52345-546",546,1,"Husbandry Area","Pufferfish",2,"2 m",1427,1427,867,3.007,1,"DL/16S duplex","Tt_DLL1",2,"DNA1",2.455763578,22060,46,22014,-12.2792495827
"dPB134","E11","52345-546",546,1,"Husbandry Area","Pufferfish",2,"2 m",1427,1427,867,3.007,1,"DL/16S duplex","Tt_DLL1",3,"DNA1",2.496397734,20286,43,20243,-12.2792495827
"dPB134","E03","52345-546",546,1,"Husbandry Area","Pufferfish",2,"2 m",1427,1427,867,3.007,1,"DL/16S duplex","Tt_longFrag",1,"DNA1",0,20286,0,20286,-12.2792495827
"dPB134","E07","52345-546",546,1,"Husbandry Area","Pufferfish",2,"2 m",1427,1427,867,3.007,1,"DL/16S duplex","Tt_longFrag",2,"DNA1",0.098547074,22060,2,22058,-12.2792495827
"dPB134","E11","52345-546",546,1,"Husbandry Area","Pufferfish",2,"2 m",1427,1427,867,3.007,1,"DL/16S duplex","Tt_longFrag",3,"DNA1",0.108248836,20286,2,20284,-12.2792495827
"dPB127","E01","52345-546",546,1,"Husbandry Area","Pufferfish",2,"2 m",1427,1427,867,3.007,1,"Cytb monoplex","cytb",1,"DNA1",5.07572555541992,20441,88,20353,-12.2792495827
"dPB127","E05","52345-546",546,1,"Husbandry Area","Pufferfish",2,"2 m",1427,1427,867,3.007,1,"Cytb monoplex","cytb",2,"DNA1",4.42745065689087,21564,81,21483,-12.2792495827
"dPB127","E09","52345-546",546,1,"Husbandry Area","Pufferfish",2,"2 m",1427,1427,867,3.007,1,"Cytb monoplex","cytb",3,"DNA1",4.93911123275757,19573,82,19491,-12.2792495827
"dPB133","F04","52345-547",547,2,"Husbandry Area","Pufferfish",2,"2 m",1427,1427,867,3.007,1,"DL/16S duplex","Tt_16S",1,"DNA1",0.447987258,21013,8,21005,-12.2792495827
"dPB133","F08","52345-547",547,2,"Husbandry Area","Pufferfish",2,"2 m",1427,1427,867,3.007,1,"DL/16S duplex","Tt_16S",2,"DNA1",0.438695103,21458,8,21450,-12.2792495827
"dPB133","F12","52345-547",547,2,"Husbandry Area","Pufferfish",2,"2 m",1427,1427,867,3.007,1,"DL/16S duplex","Tt_16S",3,"DNA1",0.401203036,20530,7,20523,-12.2792495827
"dPB133","F04","52345-547",547,2,"Husbandry Area","Pufferfish",2,"2 m",1427,1427,867,3.007,1,"DL/16S duplex","Tt_DLL1",1,"DNA1",0.279972047,21013,5,21008,-12.2792495827
"dPB133","F08","52345-547",547,2,"Husbandry Area","Pufferfish",2,"2 m",1427,1427,867,3.007,1,"DL/16S duplex","Tt_DLL1",2,"DNA1",0.219327092,21458,4,21454,-12.2792495827
"dPB133","F12","52345-547",547,2,"Husbandry Area","Pufferfish",2,"2 m",1427,1427,867,3.007,1,"DL/16S duplex","Tt_DLL1",3,"DNA1",0.401203036,20530,7,20523,-12.2792495827
"dPB133","F04","52345-547",547,2,"Husbandry Area","Pufferfish",2,"2 m",1427,1427,867,3.007,1,"DL/16S duplex","Tt_longFrag",1,"DNA1",0.111874241,21013,2,21011,-12.2792495827
"dPB133","F08","52345-547",547,2,"Husbandry Area","Pufferfish",2,"2 m",1427,1427,867,3.007,1,"DL/16S duplex","Tt_longFrag",2,"DNA1",0.109576672,21458,2,21456,-12.2792495827
"dPB133","F12","52345-547",547,2,"Husbandry Area","Pufferfish",2,"2 m",1427,1427,867,3.007,1,"DL/16S duplex","Tt_longFrag",3,"DNA1",0.229105327,20530,4,20526,-12.2792495827
"dPB125","F02","52345-547",547,2,"Husbandry Area","Pufferfish",2,"2 m",1427,1427,867,3.007,1,"Cytb monoplex","cytb",1,"DNA1",0.456151038408279,20637,8,20629,-12.2792495827
"dPB125","F06","52345-547",547,2,"Husbandry Area","Pufferfish",2,"2 m",1427,1427,867,3.007,1,"Cytb monoplex","cytb",2,"DNA1",1.00219929218292,21139,18,21121,-12.2792495827
"dPB125","F10","52345-547",547,2,"Husbandry Area","Pufferfish",2,"2 m",1427,1427,867,3.007,1,"Cytb monoplex","cytb",3,"DNA1",0.786748886108398,20942,14,20928,-12.2792495827
"dPB133","G02","52345-548",548,3,"Husbandry Area","Pufferfish",2,"2 m",1427,1427,867,3.007,1,"DL/16S duplex","Tt_16S",1,"DNA1",0,22028,0,22028,-12.2792495827
"dPB133","G06","52345-548",548,3,"Husbandry Area","Pufferfish",2,"2 m",1427,1427,867,3.007,1,"DL/16S duplex","Tt_16S",2,"DNA1",0.490119487,19207,8,19199,-12.2792495827
"dPB133","G10","52345-548",548,3,"Husbandry Area","Pufferfish",2,"2 m",1427,1427,867,3.007,1,"DL/16S duplex","Tt_16S",3,"DNA1",0.172735184,20434,3,20431,-12.2792495827
"dPB133","G02","52345-548",548,3,"Husbandry Area","Pufferfish",2,"2 m",1427,1427,867,3.007,1,"DL/16S duplex","Tt_DLL1",1,"DNA1",0.053409174,22028,1,22027,-12.2792495827
"dPB133","G06","52345-548",548,3,"Husbandry Area","Pufferfish",2,"2 m",1427,1427,867,3.007,1,"DL/16S duplex","Tt_DLL1",2,"DNA1",0.245034218,19207,4,19203,-12.2792495827
"dPB133","G10","52345-548",548,3,"Husbandry Area","Pufferfish",2,"2 m",1427,1427,867,3.007,1,"DL/16S duplex","Tt_DLL1",3,"DNA1",0.28790608,20434,5,20429,-12.2792495827
"dPB133","G02","52345-548",548,3,"Husbandry Area","Pufferfish",2,"2 m",1427,1427,867,3.007,1,"DL/16S duplex","Tt_longFrag",1,"DNA1",0,22028,0,22028,-12.2792495827
"dPB133","G06","52345-548",548,3,"Husbandry Area","Pufferfish",2,"2 m",1427,1427,867,3.007,1,"DL/16S duplex","Tt_longFrag",2,"DNA1",0.122408675,19207,2,19205,-12.2792495827
"dPB133","G10","52345-548",548,3,"Husbandry Area","Pufferfish",2,"2 m",1427,1427,867,3.007,1,"DL/16S duplex","Tt_longFrag",3,"DNA1",0.057533313,20434,1,20433,-12.2792495827
"dPB124","G02","52345-548",548,3,"Husbandry Area","Pufferfish",2,"2 m",1427,1427,867,3.007,1,"Cytb monoplex","cytb",1,"DNA1",0.324707835912704,21742,6,21736,-12.2792495827
"dPB124","G06","52345-548",548,3,"Husbandry Area","Pufferfish",2,"2 m",1427,1427,867,3.007,1,"Cytb monoplex","cytb",2,"DNA1",0.324022173881531,21788,6,21782,-12.2792495827
"dPB124","G10","52345-548",548,3,"Husbandry Area","Pufferfish",2,"2 m",1427,1427,867,3.007,1,"Cytb monoplex","cytb",3,"DNA1",0.388319909572601,21211,7,21204,-12.2792495827
"dPB134","B04","52345-549",549,1,"Husbandry Area","Pufferfish",2,"2 m",1456,1456,896,2.995,1,"DL/16S duplex","Tt_16S",1,"DNA1",0.813022494,21713,15,21698,-12.283248255139
"dPB134","B08","52345-549",549,1,"Husbandry Area","Pufferfish",2,"2 m",1456,1456,896,2.995,1,"DL/16S duplex","Tt_16S",2,"DNA1",0.686288774,20577,12,20565,-12.283248255139
"dPB134","B12","52345-549",549,1,"Husbandry Area","Pufferfish",2,"2 m",1456,1456,896,2.995,1,"DL/16S duplex","Tt_16S",3,"DNA1",0.494289398,19045,8,19037,-12.283248255139
"dPB134","B04","52345-549",549,1,"Husbandry Area","Pufferfish",2,"2 m",1456,1456,896,2.995,1,"DL/16S duplex","Tt_DLL1",1,"DNA1",0.270945072,21713,5,21708,-12.283248255139
"dPB134","B08","52345-549",549,1,"Husbandry Area","Pufferfish",2,"2 m",1456,1456,896,2.995,1,"DL/16S duplex","Tt_DLL1",2,"DNA1",0.400286466,20577,7,20570,-12.283248255139
"dPB134","B12","52345-549",549,1,"Husbandry Area","Pufferfish",2,"2 m",1456,1456,896,2.995,1,"DL/16S duplex","Tt_DLL1",3,"DNA1",0.06177482,19045,1,19044,-12.283248255139
"dPB134","B04","52345-549",549,1,"Husbandry Area","Pufferfish",2,"2 m",1456,1456,896,2.995,1,"DL/16S duplex","Tt_longFrag",1,"DNA1",0.108183368,21713,2,21711,-12.283248255139
"dPB134","B08","52345-549",549,1,"Husbandry Area","Pufferfish",2,"2 m",1456,1456,896,2.995,1,"DL/16S duplex","Tt_longFrag",2,"DNA1",0.056942038,20577,1,20576,-12.283248255139
"dPB134","B12","52345-549",549,1,"Husbandry Area","Pufferfish",2,"2 m",1456,1456,896,2.995,1,"DL/16S duplex","Tt_longFrag",3,"DNA1",0,19045,0,19045,-12.283248255139
"dPB127","B02","52345-549",549,1,"Husbandry Area","Pufferfish",2,"2 m",1456,1456,896,2.995,1,"Cytb monoplex","cytb",1,"DNA1",1.06909000873566,18716,17,18699,-12.283248255139
"dPB127","B06","52345-549",549,1,"Husbandry Area","Pufferfish",2,"2 m",1456,1456,896,2.995,1,"Cytb monoplex","cytb",2,"DNA1",0.733721852302551,22455,14,22441,-12.283248255139
"dPB127","B10","52345-549",549,1,"Husbandry Area","Pufferfish",2,"2 m",1456,1456,896,2.995,1,"Cytb monoplex","cytb",3,"DNA1",0.764024615287781,18484,12,18472,-12.283248255139
"dPB134","G01","52345-550",550,2,"Husbandry Area","Pufferfish",2,"2 m",1456,1456,896,2.995,1,"DL/16S duplex","Tt_16S",1,"DNA1",1.065059781,20997,19,20978,-12.283248255139
"dPB134","G05","52345-550",550,2,"Husbandry Area","Pufferfish",2,"2 m",1456,1456,896,2.995,1,"DL/16S duplex","Tt_16S",2,"DNA1",1.106329322,21278,20,21258,-12.283248255139
"dPB134","G09","52345-550",550,2,"Husbandry Area","Pufferfish",2,"2 m",1456,1456,896,2.995,1,"DL/16S duplex","Tt_16S",3,"DNA1",0.46470964,20257,8,20249,-12.283248255139
"dPB134","G01","52345-550",550,2,"Husbandry Area","Pufferfish",2,"2 m",1456,1456,896,2.995,1,"DL/16S duplex","Tt_DLL1",1,"DNA1",0.616496027,20997,11,20986,-12.283248255139
"dPB134","G05","52345-550",550,2,"Husbandry Area","Pufferfish",2,"2 m",1456,1456,896,2.995,1,"DL/16S duplex","Tt_DLL1",2,"DNA1",0.387096971,21278,7,21271,-12.283248255139
"dPB134","G09","52345-550",550,2,"Husbandry Area","Pufferfish",2,"2 m",1456,1456,896,2.995,1,"DL/16S duplex","Tt_DLL1",3,"DNA1",0.290422022,20257,5,20252,-12.283248255139
"dPB134","G01","52345-550",550,2,"Husbandry Area","Pufferfish",2,"2 m",1456,1456,896,2.995,1,"DL/16S duplex","Tt_longFrag",1,"DNA1",0.223585182,20997,4,20993,-12.283248255139
"dPB134","G05","52345-550",550,2,"Husbandry Area","Pufferfish",2,"2 m",1456,1456,896,2.995,1,"DL/16S duplex","Tt_longFrag",2,"DNA1",0,21278,0,21278,-12.283248255139
"dPB134","G09","52345-550",550,2,"Husbandry Area","Pufferfish",2,"2 m",1456,1456,896,2.995,1,"DL/16S duplex","Tt_longFrag",3,"DNA1",0.116045516,20257,2,20255,-12.283248255139
"dPB126","G01","52345-550",550,2,"Husbandry Area","Pufferfish",2,"2 m",1456,1456,896,2.995,1,"Cytb monoplex","cytb",1,"DNA1",1.80578780174255,19560,30,19530,-12.283248255139
"dPB126","G05","52345-550",550,2,"Husbandry Area","Pufferfish",2,"2 m",1456,1456,896,2.995,1,"Cytb monoplex","cytb",2,"DNA1",0.985679924488068,19105,16,19089,-12.283248255139
"dPB126","G09","52345-550",550,2,"Husbandry Area","Pufferfish",2,"2 m",1456,1456,896,2.995,1,"Cytb monoplex","cytb",3,"DNA1",0.970952391624451,21819,18,21801,-12.283248255139
"dPB134","G03","52345-551",551,3,"Husbandry Area","Pufferfish",2,"2 m",1456,1456,896,2.995,1,"DL/16S duplex","Tt_16S",1,"DNA1",1.766306877,21330,32,21298,-12.283248255139
"dPB134","G07","52345-551",551,3,"Husbandry Area","Pufferfish",2,"2 m",1456,1456,896,2.995,1,"DL/16S duplex","Tt_16S",2,"DNA1",1.867849946,21432,34,21398,-12.283248255139
"dPB134","G11","52345-551",551,3,"Husbandry Area","Pufferfish",2,"2 m",1456,1456,896,2.995,1,"DL/16S duplex","Tt_16S",3,"DNA1",1.81062901,20158,31,20127,-12.283248255139
"dPB134","G03","52345-551",551,3,"Husbandry Area","Pufferfish",2,"2 m",1456,1456,896,2.995,1,"DL/16S duplex","Tt_DLL1",1,"DNA1",0.993221343,21330,18,21312,-12.283248255139
"dPB134","G07","52345-551",551,3,"Husbandry Area","Pufferfish",2,"2 m",1456,1456,896,2.995,1,"DL/16S duplex","Tt_DLL1",2,"DNA1",0.658902645,21432,12,21420,-12.283248255139
"dPB134","G11","52345-551",551,3,"Husbandry Area","Pufferfish",2,"2 m",1456,1456,896,2.995,1,"DL/16S duplex","Tt_DLL1",3,"DNA1",0.934170187,20158,16,20142,-12.283248255139
"dPB134","G03","52345-551",551,3,"Husbandry Area","Pufferfish",2,"2 m",1456,1456,896,2.995,1,"DL/16S duplex","Tt_longFrag",1,"DNA1",0.219153682,21330,4,21326,-12.283248255139
"dPB134","G07","52345-551",551,3,"Husbandry Area","Pufferfish",2,"2 m",1456,1456,896,2.995,1,"DL/16S duplex","Tt_longFrag",2,"DNA1",0.273452668,21432,5,21427,-12.283248255139
"dPB134","G11","52345-551",551,3,"Husbandry Area","Pufferfish",2,"2 m",1456,1456,896,2.995,1,"DL/16S duplex","Tt_longFrag",3,"DNA1",0.465555786,20158,8,20150,-12.283248255139
"dPB127","G01","52345-551",551,3,"Husbandry Area","Pufferfish",2,"2 m",1456,1456,896,2.995,1,"Cytb monoplex","cytb",1,"DNA1",2.49528956413269,20295,43,20252,-12.283248255139
"dPB127","G05","52345-551",551,3,"Husbandry Area","Pufferfish",2,"2 m",1456,1456,896,2.995,1,"Cytb monoplex","cytb",2,"DNA1",2.7273530960083,21593,50,21543,-12.283248255139
"dPB127","G09","52345-551",551,3,"Husbandry Area","Pufferfish",2,"2 m",1456,1456,896,2.995,1,"Cytb monoplex","cytb",3,"DNA1",2.32891726493835,19215,38,19177,-12.283248255139
"dPB134","H03","52345-552",552,1,"Husbandry Area","Pufferfish",2,"2 m",1520,1520,920,3.328,1,"DL/16S duplex","Tt_16S",1,"DNA1",1.383074403,21278,25,21253,-12.1778209637475
"dPB134","H07","52345-552",552,1,"Husbandry Area","Pufferfish",2,"2 m",1520,1520,920,3.328,1,"DL/16S duplex","Tt_16S",2,"DNA1",1.022474527,20720,18,20702,-12.1778209637475
"dPB134","H11","52345-552",552,1,"Husbandry Area","Pufferfish",2,"2 m",1520,1520,920,3.328,1,"DL/16S duplex","Tt_16S",3,"DNA1",0.946001053,19906,16,19890,-12.1778209637475
"dPB134","H03","52345-552",552,1,"Husbandry Area","Pufferfish",2,"2 m",1520,1520,920,3.328,1,"DL/16S duplex","Tt_DLL1",1,"DNA1",1.106329322,21278,20,21258,-12.1778209637475
"dPB134","H07","52345-552",552,1,"Husbandry Area","Pufferfish",2,"2 m",1520,1520,920,3.328,1,"DL/16S duplex","Tt_DLL1",2,"DNA1",0.965647101,20720,17,20703,-12.1778209637475
"dPB134","H11","52345-552",552,1,"Husbandry Area","Pufferfish",2,"2 m",1520,1520,920,3.328,1,"DL/16S duplex","Tt_DLL1",3,"DNA1",0.886853755,19906,15,19891,-12.1778209637475
"dPB134","H03","52345-552",552,1,"Husbandry Area","Pufferfish",2,"2 m",1520,1520,920,3.328,1,"DL/16S duplex","Tt_longFrag",1,"DNA1",0.607052504,21278,11,21267,-12.1778209637475
"dPB134","H07","52345-552",552,1,"Husbandry Area","Pufferfish",2,"2 m",1520,1520,920,3.328,1,"DL/16S duplex","Tt_longFrag",2,"DNA1",0.396684611,20720,7,20713,-12.1778209637475
"dPB134","H11","52345-552",552,1,"Husbandry Area","Pufferfish",2,"2 m",1520,1520,920,3.328,1,"DL/16S duplex","Tt_longFrag",3,"DNA1",0.294830903,19906,5,19901,-12.1778209637475
"dPB127","H01","52345-552",552,1,"Husbandry Area","Pufferfish",2,"2 m",1520,1520,920,3.328,1,"Cytb monoplex","cytb",1,"DNA1",1.4954080581665,21255,27,21228,-12.1778209637475
"dPB127","H05","52345-552",552,1,"Husbandry Area","Pufferfish",2,"2 m",1520,1520,920,3.328,1,"Cytb monoplex","cytb",2,"DNA1",1.34876143932343,21819,25,21794,-12.1778209637475
"dPB127","H09","52345-552",552,1,"Husbandry Area","Pufferfish",2,"2 m",1520,1520,920,3.328,1,"Cytb monoplex","cytb",3,"DNA1",1.16224837303162,19242,19,19223,-12.1778209637475
"dPB133","H01","52345-553",553,2,"Husbandry Area","Pufferfish",2,"2 m",1520,1520,920,3.328,1,"DL/16S duplex","Tt_16S",1,"DNA1",5.832260609,22244,110,22134,-12.1778209637475
"dPB133","H05","52345-553",553,2,"Husbandry Area","Pufferfish",2,"2 m",1520,1520,920,3.328,1,"DL/16S duplex","Tt_16S",2,"DNA1",5.134509563,21126,92,21034,-12.1778209637475
"dPB133","H09","52345-553",553,2,"Husbandry Area","Pufferfish",2,"2 m",1520,1520,920,3.328,1,"DL/16S duplex","Tt_16S",3,"DNA1",5.735983372,20766,101,20665,-12.1778209637475
"dPB133","H01","52345-553",553,2,"Husbandry Area","Pufferfish",2,"2 m",1520,1520,920,3.328,1,"DL/16S duplex","Tt_DLL1",1,"DNA1",4.026472569,22244,76,22168,-12.1778209637475
"dPB133","H05","52345-553",553,2,"Husbandry Area","Pufferfish",2,"2 m",1520,1520,920,3.328,1,"DL/16S duplex","Tt_DLL1",2,"DNA1",3.12268424,21126,56,21070,-12.1778209637475
"dPB133","H09","52345-553",553,2,"Husbandry Area","Pufferfish",2,"2 m",1520,1520,920,3.328,1,"DL/16S duplex","Tt_DLL1",3,"DNA1",4.768560886,20766,84,20682,-12.1778209637475
"dPB133","H01","52345-553",553,2,"Husbandry Area","Pufferfish",2,"2 m",1520,1520,920,3.328,1,"DL/16S duplex","Tt_longFrag",1,"DNA1",0.826642377,22244,16,22228,-12.1778209637475
"dPB133","H05","52345-553",553,2,"Husbandry Area","Pufferfish",2,"2 m",1520,1520,920,3.328,1,"DL/16S duplex","Tt_longFrag",2,"DNA1",0.877759126,21126,16,21110,-12.1778209637475
"dPB133","H09","52345-553",553,2,"Husbandry Area","Pufferfish",2,"2 m",1520,1520,920,3.328,1,"DL/16S duplex","Tt_longFrag",3,"DNA1",1.110451759,20766,20,20746,-12.1778209637475
"dPB124","H01","52345-553",553,2,"Husbandry Area","Pufferfish",2,"2 m",1520,1520,920,3.328,1,"Cytb monoplex","cytb",1,"DNA1",7.10893583297729,21579,130,21449,-12.1778209637475
"dPB124","H05","52345-553",553,2,"Husbandry Area","Pufferfish",2,"2 m",1520,1520,920,3.328,1,"Cytb monoplex","cytb",2,"DNA1",6.5727744102478,22257,124,22133,-12.1778209637475
"dPB124","H09","52345-553",553,2,"Husbandry Area","Pufferfish",2,"2 m",1520,1520,920,3.328,1,"Cytb monoplex","cytb",3,"DNA1",7.31008815765381,20987,130,20857,-12.1778209637475
"dPB134","C03","52345-554",554,3,"Husbandry Area","Pufferfish",2,"2 m",1520,1520,920,3.328,1,"DL/16S duplex","Tt_16S",1,"DNA1",4.24623251,22205,80,22125,-12.1778209637475
"dPB134","C07","52345-554",554,3,"Husbandry Area","Pufferfish",2,"2 m",1520,1520,920,3.328,1,"DL/16S duplex","Tt_16S",2,"DNA1",4.207117081,18209,65,18144,-12.1778209637475
"dPB134","C11","52345-554",554,3,"Husbandry Area","Pufferfish",2,"2 m",1520,1520,920,3.328,1,"DL/16S duplex","Tt_16S",3,"DNA1",4.470789909,21619,82,21537,-12.1778209637475
"dPB134","C03","52345-554",554,3,"Husbandry Area","Pufferfish",2,"2 m",1520,1520,920,3.328,1,"DL/16S duplex","Tt_DLL1",1,"DNA1",2.121200562,22205,40,22165,-12.1778209637475
"dPB134","C07","52345-554",554,3,"Husbandry Area","Pufferfish",2,"2 m",1520,1520,920,3.328,1,"DL/16S duplex","Tt_DLL1",2,"DNA1",2.97578764,18209,46,18163,-12.1778209637475
"dPB134","C11","52345-554",554,3,"Husbandry Area","Pufferfish",2,"2 m",1520,1520,920,3.328,1,"DL/16S duplex","Tt_DLL1",3,"DNA1",2.342319727,21619,43,21576,-12.1778209637475
"dPB134","C03","52345-554",554,3,"Husbandry Area","Pufferfish",2,"2 m",1520,1520,920,3.328,1,"DL/16S duplex","Tt_longFrag",1,"DNA1",1.052480033,22205,20,22185,-12.1778209637475
"dPB134","C07","52345-554",554,3,"Husbandry Area","Pufferfish",2,"2 m",1520,1520,920,3.328,1,"DL/16S duplex","Tt_longFrag",2,"DNA1",0.829604086,18209,13,18196,-12.1778209637475
"dPB134","C11","52345-554",554,3,"Husbandry Area","Pufferfish",2,"2 m",1520,1520,920,3.328,1,"DL/16S duplex","Tt_longFrag",3,"DNA1",1.243403702,21619,23,21596,-12.1778209637475
"dPB127","C01","52345-554",554,3,"Husbandry Area","Pufferfish",2,"2 m",1520,1520,920,3.328,1,"Cytb monoplex","cytb",1,"DNA1",4.33629274368286,19842,73,19769,-12.1778209637475
"dPB127","C05","52345-554",554,3,"Husbandry Area","Pufferfish",2,"2 m",1520,1520,920,3.328,1,"Cytb monoplex","cytb",2,"DNA1",3.27353262901306,19434,54,19380,-12.1778209637475
"dPB127","C09","52345-554",554,3,"Husbandry Area","Pufferfish",2,"2 m",1520,1520,920,3.328,1,"Cytb monoplex","cytb",3,"DNA1",4.84268093109131,21666,89,21577,-12.1778209637475
"dPB134","G04","52345-555",555,1,"Husbandry Area","Pufferfish",2,"2 m",1558,1558,958,3.006333333,1,"DL/16S duplex","Tt_16S",1,"DNA1",3.395146847,22209,64,22145,-12.2794713123018
"dPB134","G08","52345-555",555,1,"Husbandry Area","Pufferfish",2,"2 m",1558,1558,958,3.006333333,1,"DL/16S duplex","Tt_16S",2,"DNA1",2.957050323,20316,51,20265,-12.2794713123018
"dPB134","G12","52345-555",555,1,"Husbandry Area","Pufferfish",2,"2 m",1558,1558,958,3.006333333,1,"DL/16S duplex","Tt_16S",3,"DNA1",2.930506945,18490,46,18444,-12.2794713123018
"dPB134","G04","52345-555",555,1,"Husbandry Area","Pufferfish",2,"2 m",1558,1558,958,3.006333333,1,"DL/16S duplex","Tt_DLL1",1,"DNA1",1.802451611,22209,34,22175,-12.2794713123018
"dPB134","G08","52345-555",555,1,"Husbandry Area","Pufferfish",2,"2 m",1558,1558,958,3.006333333,1,"DL/16S duplex","Tt_DLL1",2,"DNA1",1.506587148,20316,26,20290,-12.2794713123018
"dPB134","G12","52345-555",555,1,"Husbandry Area","Pufferfish",2,"2 m",1558,1558,958,3.006333333,1,"DL/16S duplex","Tt_DLL1",3,"DNA1",0.954798341,18490,15,18475,-12.2794713123018
"dPB134","G04","52345-555",555,1,"Husbandry Area","Pufferfish",2,"2 m",1558,1558,958,3.006333333,1,"DL/16S duplex","Tt_longFrag",1,"DNA1",0.683653462,22209,13,22196,-12.2794713123018
"dPB134","G08","52345-555",555,1,"Husbandry Area","Pufferfish",2,"2 m",1558,1558,958,3.006333333,1,"DL/16S duplex","Tt_longFrag",2,"DNA1",0.749270388,20316,13,20303,-12.2794713123018
"dPB134","G12","52345-555",555,1,"Husbandry Area","Pufferfish",2,"2 m",1558,1558,958,3.006333333,1,"DL/16S duplex","Tt_longFrag",3,"DNA1",0.188522884,18490,3,18487,-12.2794713123018
"dPB127","G02","52345-555",555,1,"Husbandry Area","Pufferfish",2,"2 m",1558,1558,958,3.006333333,1,"Cytb monoplex","cytb",1,"DNA1",3.69437789916992,18818,59,18759,-12.2794713123018
"dPB127","G06","52345-555",555,1,"Husbandry Area","Pufferfish",2,"2 m",1558,1558,958,3.006333333,1,"Cytb monoplex","cytb",2,"DNA1",1.98857748508453,20724,35,20689,-12.2794713123018
"dPB127","G10","52345-555",555,1,"Husbandry Area","Pufferfish",2,"2 m",1558,1558,958,3.006333333,1,"Cytb monoplex","cytb",3,"DNA1",4.07748794555664,20232,70,20162,-12.2794713123018
"dPB134","C04","52345-556",556,2,"Husbandry Area","Pufferfish",2,"2 m",1558,1558,958,3.006333333,1,"DL/16S duplex","Tt_16S",1,"DNA1",1.553238153,21980,29,21951,-12.2794713123018
"dPB134","C08","52345-556",556,2,"Husbandry Area","Pufferfish",2,"2 m",1558,1558,958,3.006333333,1,"DL/16S duplex","Tt_16S",2,"DNA1",1.545994282,19037,25,19012,-12.2794713123018
"dPB134","C12","52345-556",556,2,"Husbandry Area","Pufferfish",2,"2 m",1558,1558,958,3.006333333,1,"DL/16S duplex","Tt_16S",3,"DNA1",1.995163798,18295,31,18264,-12.2794713123018
"dPB134","C04","52345-556",556,2,"Husbandry Area","Pufferfish",2,"2 m",1558,1558,958,3.006333333,1,"DL/16S duplex","Tt_DLL1",1,"DNA1",1.446052313,21980,27,21953,-12.2794713123018
"dPB134","C08","52345-556",556,2,"Husbandry Area","Pufferfish",2,"2 m",1558,1558,958,3.006333333,1,"DL/16S duplex","Tt_DLL1",2,"DNA1",1.051055074,19037,17,19020,-12.2794713123018
"dPB134","C12","52345-556",556,2,"Husbandry Area","Pufferfish",2,"2 m",1558,1558,958,3.006333333,1,"DL/16S duplex","Tt_DLL1",3,"DNA1",1.351192713,18295,21,18274,-12.2794713123018
"dPB134","C04","52345-556",556,2,"Husbandry Area","Pufferfish",2,"2 m",1558,1558,958,3.006333333,1,"DL/16S duplex","Tt_longFrag",1,"DNA1",0.961929128,21980,18,21962,-12.2794713123018
"dPB134","C08","52345-556",556,2,"Husbandry Area","Pufferfish",2,"2 m",1558,1558,958,3.006333333,1,"DL/16S duplex","Tt_longFrag",2,"DNA1",0.431293496,19037,7,19030,-12.2794713123018
"dPB134","C12","52345-556",556,2,"Husbandry Area","Pufferfish",2,"2 m",1558,1558,958,3.006333333,1,"DL/16S duplex","Tt_longFrag",3,"DNA1",0.512267935,18295,8,18287,-12.2794713123018
"dPB127","C02","52345-556",556,2,"Husbandry Area","Pufferfish",2,"2 m",1558,1558,958,3.006333333,1,"Cytb monoplex","cytb",1,"DNA1",2.21130204200745,20236,38,20198,-12.2794713123018
"dPB127","C06","52345-556",556,2,"Husbandry Area","Pufferfish",2,"2 m",1558,1558,958,3.006333333,1,"Cytb monoplex","cytb",2,"DNA1",1.59214234352112,19225,26,19199,-12.2794713123018
"dPB127","C10","52345-556",556,2,"Husbandry Area","Pufferfish",2,"2 m",1558,1558,958,3.006333333,1,"Cytb monoplex","cytb",3,"DNA1",2.11299896240234,20062,36,20026,-12.2794713123018
"dPB133","A03","52345-557",557,3,"Husbandry Area","Pufferfish",2,"2 m",1558,1558,958,3.006333333,1,"DL/16S duplex","Tt_16S",1,"DNA1",2.369637012,21867,44,21823,-12.2794713123018
"dPB133","A07","52345-557",557,3,"Husbandry Area","Pufferfish",2,"2 m",1558,1558,958,3.006333333,1,"DL/16S duplex","Tt_16S",2,"DNA1",3.201104641,18033,49,17984,-12.2794713123018
"dPB133","A11","52345-557",557,3,"Husbandry Area","Pufferfish",2,"2 m",1558,1558,958,3.006333333,1,"DL/16S duplex","Tt_16S",3,"DNA1",2.762614965,20465,48,20417,-12.2794713123018
"dPB133","A03","52345-557",557,3,"Husbandry Area","Pufferfish",2,"2 m",1558,1558,958,3.006333333,1,"DL/16S duplex","Tt_DLL1",1,"DNA1",1.561269999,21867,29,21838,-12.2794713123018
"dPB133","A07","52345-557",557,3,"Husbandry Area","Pufferfish",2,"2 m",1558,1558,958,3.006333333,1,"DL/16S duplex","Tt_DLL1",2,"DNA1",2.874061823,18033,44,17989,-12.2794713123018
"dPB133","A11","52345-557",557,3,"Husbandry Area","Pufferfish",2,"2 m",1558,1558,958,3.006333333,1,"DL/16S duplex","Tt_DLL1",3,"DNA1",2.82023859,20465,49,20416,-12.2794713123018
"dPB133","A03","52345-557",557,3,"Husbandry Area","Pufferfish",2,"2 m",1558,1558,958,3.006333333,1,"DL/16S duplex","Tt_longFrag",1,"DNA1",0.911834027,21867,17,21850,-12.2794713123018
"dPB133","A07","52345-557",557,3,"Husbandry Area","Pufferfish",2,"2 m",1558,1558,958,3.006333333,1,"DL/16S duplex","Tt_longFrag",2,"DNA1",1.167096393,18033,18,18015,-12.2794713123018
"dPB133","A11","52345-557",557,3,"Husbandry Area","Pufferfish",2,"2 m",1558,1558,958,3.006333333,1,"DL/16S duplex","Tt_longFrag",3,"DNA1",1.028607914,20465,18,20447,-12.2794713123018
"dPB125","A01","52345-557",557,3,"Husbandry Area","Pufferfish",2,"2 m",1558,1558,958,3.006333333,1,"Cytb monoplex","cytb",1,"DNA1",3.47914052009583,20319,60,20259,-12.2794713123018
"dPB125","A05","52345-557",557,3,"Husbandry Area","Pufferfish",2,"2 m",1558,1558,958,3.006333333,1,"Cytb monoplex","cytb",2,"DNA1",3.93611097335815,22155,74,22081,-12.2794713123018
"dPB125","A09","52345-557",557,3,"Husbandry Area","Pufferfish",2,"2 m",1558,1558,958,3.006333333,1,"Cytb monoplex","cytb",3,"DNA1",2.96492481231689,21454,54,21400,-12.2794713123018
"dPB133","H03","52345-558",558,2,"Husbandry Area","Pufferfish",2,"2 m",1625,1625,985,3.002,1,"DL/16S duplex","Tt_16S",1,"DNA1",2.454933405,21108,44,21064,-12.2809137534952
"dPB133","H07","52345-558",558,2,"Husbandry Area","Pufferfish",2,"2 m",1625,1625,985,3.002,1,"DL/16S duplex","Tt_16S",2,"DNA1",3.762378693,19418,62,19356,-12.2809137534952
"dPB133","H11","52345-558",558,2,"Husbandry Area","Pufferfish",2,"2 m",1625,1625,985,3.002,1,"DL/16S duplex","Tt_16S",3,"DNA1",5.139942646,19498,85,19413,-12.2809137534952
"dPB133","H03","52345-558",558,2,"Husbandry Area","Pufferfish",2,"2 m",1625,1625,985,3.002,1,"DL/16S duplex","Tt_DLL1",1,"DNA1",1.617448568,21108,29,21079,-12.2809137534952
"dPB133","H07","52345-558",558,2,"Husbandry Area","Pufferfish",2,"2 m",1625,1625,985,3.002,1,"DL/16S duplex","Tt_DLL1",2,"DNA1",1.697649002,19418,28,19390,-12.2809137534952
"dPB133","H11","52345-558",558,2,"Husbandry Area","Pufferfish",2,"2 m",1625,1625,985,3.002,1,"DL/16S duplex","Tt_DLL1",3,"DNA1",2.415999413,19498,40,19458,-12.2809137534952
"dPB133","H03","52345-558",558,2,"Husbandry Area","Pufferfish",2,"2 m",1625,1625,985,3.002,1,"DL/16S duplex","Tt_longFrag",1,"DNA1",0.665648207,21108,12,21096,-12.2809137534952
"dPB133","H07","52345-558",558,2,"Husbandry Area","Pufferfish",2,"2 m",1625,1625,985,3.002,1,"DL/16S duplex","Tt_longFrag",2,"DNA1",0.539986762,19418,9,19409,-12.2809137534952
"dPB133","H11","52345-558",558,2,"Husbandry Area","Pufferfish",2,"2 m",1625,1625,985,3.002,1,"DL/16S duplex","Tt_longFrag",3,"DNA1",0.593008012,19498,10,19488,-12.2809137534952
"dPB125","H01","52345-558",558,2,"Husbandry Area","Pufferfish",2,"2 m",1625,1625,985,3.002,1,"Cytb monoplex","cytb",1,"DNA1",5.41145181655884,20483,94,20389,-12.2809137534952
"dPB125","H05","52345-558",558,2,"Husbandry Area","Pufferfish",2,"2 m",1625,1625,985,3.002,1,"Cytb monoplex","cytb",2,"DNA1",4.26072263717651,21853,79,21774,-12.2809137534952
"dPB125","H09","52345-558",558,2,"Husbandry Area","Pufferfish",2,"2 m",1625,1625,985,3.002,1,"Cytb monoplex","cytb",3,"DNA1",4.37191820144653,20759,77,20682,-12.2809137534952
"dPB133","B03","52345-559",559,3,"Husbandry Area","Pufferfish",2,"2 m",1625,1625,985,3.002,1,"DL/16S duplex","Tt_16S",1,"DNA1",3.967864037,22869,77,22792,-12.2809137534952
"dPB133","B07","52345-559",559,3,"Husbandry Area","Pufferfish",2,"2 m",1625,1625,985,3.002,1,"DL/16S duplex","Tt_16S",2,"DNA1",5.525463581,20915,98,20817,-12.2809137534952
"dPB133","B11","52345-559",559,3,"Husbandry Area","Pufferfish",2,"2 m",1625,1625,985,3.002,1,"DL/16S duplex","Tt_16S",3,"DNA1",5.54220295,18937,89,18848,-12.2809137534952
"dPB133","B03","52345-559",559,3,"Husbandry Area","Pufferfish",2,"2 m",1625,1625,985,3.002,1,"DL/16S duplex","Tt_DLL1",1,"DNA1",2.884391308,22869,56,22813,-12.2809137534952
"dPB133","B07","52345-559",559,3,"Husbandry Area","Pufferfish",2,"2 m",1625,1625,985,3.002,1,"DL/16S duplex","Tt_DLL1",2,"DNA1",4.226338863,20915,75,20840,-12.2809137534952
"dPB133","B11","52345-559",559,3,"Husbandry Area","Pufferfish",2,"2 m",1625,1625,985,3.002,1,"DL/16S duplex","Tt_DLL1",3,"DNA1",4.04510355,18937,65,18872,-12.2809137534952
"dPB133","B03","52345-559",559,3,"Husbandry Area","Pufferfish",2,"2 m",1625,1625,985,3.002,1,"DL/16S duplex","Tt_longFrag",1,"DNA1",1.27709059,22869,25,22844,-12.2809137534952
"dPB133","B07","52345-559",559,3,"Husbandry Area","Pufferfish",2,"2 m",1625,1625,985,3.002,1,"DL/16S duplex","Tt_longFrag",2,"DNA1",2.232352579,20915,40,20875,-12.2809137534952
"dPB133","B11","52345-559",559,3,"Husbandry Area","Pufferfish",2,"2 m",1625,1625,985,3.002,1,"DL/16S duplex","Tt_longFrag",3,"DNA1",1.286359986,18937,21,18916,-12.2809137534952
"dPB125","B01","52345-559",559,3,"Husbandry Area","Pufferfish",2,"2 m",1625,1625,985,3.002,1,"Cytb monoplex","cytb",1,"DNA1",6.20187330245972,21302,112,21190,-12.2809137534952
"dPB125","B05","52345-559",559,3,"Husbandry Area","Pufferfish",2,"2 m",1625,1625,985,3.002,1,"Cytb monoplex","cytb",2,"DNA1",6.50522947311401,21218,117,21101,-12.2809137534952
"dPB125","B09","52345-559",559,3,"Husbandry Area","Pufferfish",2,"2 m",1625,1625,985,3.002,1,"Cytb monoplex","cytb",3,"DNA1",8.00728034973145,21819,148,21671,-12.2809137534952
"dPB133","D03","52345-560",560,1,"Husbandry Area","Pufferfish",2,"2 m",1625,1625,985,3.002,1,"DL/16S duplex","Tt_16S",1,"DNA1",3.066849232,21126,55,21071,-12.2809137534952
"dPB133","D07","52345-560",560,1,"Husbandry Area","Pufferfish",2,"2 m",1625,1625,985,3.002,1,"DL/16S duplex","Tt_16S",2,"DNA1",4.767629623,19781,80,19701,-12.2809137534952
"dPB133","D11","52345-560",560,1,"Husbandry Area","Pufferfish",2,"2 m",1625,1625,985,3.002,1,"DL/16S duplex","Tt_16S",3,"DNA1",4.337569237,22010,81,21929,-12.2809137534952
"dPB133","D03","52345-560",560,1,"Husbandry Area","Pufferfish",2,"2 m",1625,1625,985,3.002,1,"DL/16S duplex","Tt_DLL1",1,"DNA1",2.564453602,21126,46,21080,-12.2809137534952
"dPB133","D07","52345-560",560,1,"Husbandry Area","Pufferfish",2,"2 m",1625,1625,985,3.002,1,"DL/16S duplex","Tt_DLL1",2,"DNA1",3.75289011,19781,63,19718,-12.2809137534952
"dPB133","D11","52345-560",560,1,"Husbandry Area","Pufferfish",2,"2 m",1625,1625,985,3.002,1,"DL/16S duplex","Tt_DLL1",3,"DNA1",2.997106075,22010,56,21954,-12.2809137534952
"dPB133","D03","52345-560",560,1,"Husbandry Area","Pufferfish",2,"2 m",1625,1625,985,3.002,1,"DL/16S duplex","Tt_longFrag",1,"DNA1",1.107617722,21126,20,21106,-12.2809137534952
"dPB133","D07","52345-560",560,1,"Husbandry Area","Pufferfish",2,"2 m",1625,1625,985,3.002,1,"DL/16S duplex","Tt_longFrag",2,"DNA1",1.949127832,19781,33,19748,-12.2809137534952
"dPB133","D11","52345-560",560,1,"Husbandry Area","Pufferfish",2,"2 m",1625,1625,985,3.002,1,"DL/16S duplex","Tt_longFrag",3,"DNA1",1.540089407,22010,29,21981,-12.2809137534952
"dPB125","D01","52345-560",560,1,"Husbandry Area","Pufferfish",2,"2 m",1625,1625,985,3.002,1,"Cytb monoplex","cytb",1,"DNA1",4.83198642730713,20250,83,20167,-12.2809137534952
"dPB125","D05","52345-560",560,1,"Husbandry Area","Pufferfish",2,"2 m",1625,1625,985,3.002,1,"Cytb monoplex","cytb",2,"DNA1",4.57051372528076,21664,84,21580,-12.2809137534952
"dPB125","D09","52345-560",560,1,"Husbandry Area","Pufferfish",2,"2 m",1625,1625,985,3.002,1,"Cytb monoplex","cytb",3,"DNA1",6.21580791473389,22393,118,22275,-12.2809137534952
"dPB133","F02","52345-561",561,2,"Husbandry Area","Pufferfish",2,"2 m",1648,1648,1008,3.010333333,1,"DL/16S duplex","Tt_16S",1,"DNA1",0.604996443,21396,11,21385,-12.2781416722166
"dPB133","F06","52345-561",561,2,"Husbandry Area","Pufferfish",2,"2 m",1648,1648,1008,3.010333333,1,"DL/16S duplex","Tt_16S",2,"DNA1",0.536588669,21930,10,21920,-12.2781416722166
"dPB133","F10","52345-561",561,2,"Husbandry Area","Pufferfish",2,"2 m",1648,1648,1008,3.010333333,1,"DL/16S duplex","Tt_16S",3,"DNA1",0.540136158,21786,10,21776,-12.2781416722166
"dPB133","F02","52345-561",561,2,"Husbandry Area","Pufferfish",2,"2 m",1648,1648,1008,3.010333333,1,"DL/16S duplex","Tt_DLL1",1,"DNA1",0.164968178,21396,3,21393,-12.2781416722166
"dPB133","F06","52345-561",561,2,"Husbandry Area","Pufferfish",2,"2 m",1648,1648,1008,3.010333333,1,"DL/16S duplex","Tt_DLL1",2,"DNA1",0.590260923,21930,11,21919,-12.2781416722166
"dPB133","F10","52345-561",561,2,"Husbandry Area","Pufferfish",2,"2 m",1648,1648,1008,3.010333333,1,"DL/16S duplex","Tt_DLL1",3,"DNA1",0.378069252,21786,7,21779,-12.2781416722166
"dPB133","F02","52345-561",561,2,"Husbandry Area","Pufferfish",2,"2 m",1648,1648,1008,3.010333333,1,"DL/16S duplex","Tt_longFrag",1,"DNA1",0.164883364,21396,3,21393,-12.2781416722166
"dPB133","F06","52345-561",561,2,"Husbandry Area","Pufferfish",2,"2 m",1648,1648,1008,3.010333333,1,"DL/16S duplex","Tt_longFrag",2,"DNA1",0.214336953,21930,4,21926,-12.2781416722166
"dPB133","F10","52345-561",561,2,"Husbandry Area","Pufferfish",2,"2 m",1648,1648,1008,3.010333333,1,"DL/16S duplex","Tt_longFrag",3,"DNA1",0.215851172,21786,4,21782,-12.2781416722166
"dPB124","F02","52345-561",561,2,"Husbandry Area","Pufferfish",2,"2 m",1648,1648,1008,3.010333333,1,"Cytb monoplex","cytb",1,"DNA1",0.441949874162674,21300,8,21292,-12.2781416722166
"dPB124","F06","52345-561",561,2,"Husbandry Area","Pufferfish",2,"2 m",1648,1648,1008,3.010333333,1,"Cytb monoplex","cytb",2,"DNA1",1.05055809020996,19046,17,19029,-12.2781416722166
"dPB124","F10","52345-561",561,2,"Husbandry Area","Pufferfish",2,"2 m",1648,1648,1008,3.010333333,1,"Cytb monoplex","cytb",3,"DNA1",0.60005921125412,21572,11,21561,-12.2781416722166
"dPB134","F04","52345-562",562,1,"Husbandry Area","Pufferfish",2,"2 m",1648,1648,1008,3.010333333,1,"DL/16S duplex","Tt_16S",1,"DNA1",4.832830906,21954,90,21864,-12.2781416722166
"dPB134","F08","52345-562",562,1,"Husbandry Area","Pufferfish",2,"2 m",1648,1648,1008,3.010333333,1,"DL/16S duplex","Tt_16S",2,"DNA1",4.339148998,22002,81,21921,-12.2781416722166
"dPB134","F12","52345-562",562,1,"Husbandry Area","Pufferfish",2,"2 m",1648,1648,1008,3.010333333,1,"DL/16S duplex","Tt_16S",3,"DNA1",4.54872942,20731,80,20651,-12.2781416722166
"dPB134","F04","52345-562",562,1,"Husbandry Area","Pufferfish",2,"2 m",1648,1648,1008,3.010333333,1,"DL/16S duplex","Tt_DLL1",1,"DNA1",2.413933992,21954,45,21909,-12.2781416722166
"dPB134","F08","52345-562",562,1,"Husbandry Area","Pufferfish",2,"2 m",1648,1648,1008,3.010333333,1,"DL/16S duplex","Tt_DLL1",2,"DNA1",2.140789509,22002,40,21962,-12.2781416722166
"dPB134","F12","52345-562",562,1,"Husbandry Area","Pufferfish",2,"2 m",1648,1648,1008,3.010333333,1,"DL/16S duplex","Tt_DLL1",3,"DNA1",2.044752121,20731,36,20695,-12.2781416722166
"dPB134","F04","52345-562",562,1,"Husbandry Area","Pufferfish",2,"2 m",1648,1648,1008,3.010333333,1,"DL/16S duplex","Tt_longFrag",1,"DNA1",0.472500992,21954,9,21945,-12.2781416722166
"dPB134","F08","52345-562",562,1,"Husbandry Area","Pufferfish",2,"2 m",1648,1648,1008,3.010333333,1,"DL/16S duplex","Tt_longFrag",2,"DNA1",0.366480484,22002,7,21995,-12.2781416722166
"dPB134","F12","52345-562",562,1,"Husbandry Area","Pufferfish",2,"2 m",1648,1648,1008,3.010333333,1,"DL/16S duplex","Tt_longFrag",3,"DNA1",0.673300968,20731,12,20719,-12.2781416722166
"dPB127","F02","52345-562",562,1,"Husbandry Area","Pufferfish",2,"2 m",1648,1648,1008,3.010333333,1,"Cytb monoplex","cytb",1,"DNA1",4.00862550735474,19697,67,19630,-12.2781416722166
"dPB127","F06","52345-562",562,1,"Husbandry Area","Pufferfish",2,"2 m",1648,1648,1008,3.010333333,1,"Cytb monoplex","cytb",2,"DNA1",3.71051144599915,19689,62,19627,-12.2781416722166
"dPB127","F10","52345-562",562,1,"Husbandry Area","Pufferfish",2,"2 m",1648,1648,1008,3.010333333,1,"Cytb monoplex","cytb",3,"DNA1",4.03169727325439,21046,72,20974,-12.2781416722166
"dPB134","B01","52345-563",563,3,"Husbandry Area","Pufferfish",2,"2 m",1648,1648,1008,3.010333333,1,"DL/16S duplex","Tt_16S",1,"DNA1",1.131135941,19771,19,19752,-12.2781416722166
"dPB134","B05","52345-563",563,3,"Husbandry Area","Pufferfish",2,"2 m",1648,1648,1008,3.010333333,1,"DL/16S duplex","Tt_16S",2,"DNA1",0.650013685,21725,12,21713,-12.2781416722166
"dPB134","B09","52345-563",563,3,"Husbandry Area","Pufferfish",2,"2 m",1648,1648,1008,3.010333333,1,"DL/16S duplex","Tt_16S",3,"DNA1",0.844975948,22285,16,22269,-12.2781416722166
"dPB134","B01","52345-563",563,3,"Husbandry Area","Pufferfish",2,"2 m",1648,1648,1008,3.010333333,1,"DL/16S duplex","Tt_DLL1",1,"DNA1",0.297561914,19771,5,19766,-12.2781416722166
"dPB134","B05","52345-563",563,3,"Husbandry Area","Pufferfish",2,"2 m",1648,1648,1008,3.010333333,1,"DL/16S duplex","Tt_DLL1",2,"DNA1",0.487476587,21725,9,21716,-12.2781416722166
"dPB134","B09","52345-563",563,3,"Husbandry Area","Pufferfish",2,"2 m",1648,1648,1008,3.010333333,1,"DL/16S duplex","Tt_DLL1",3,"DNA1",0.528038859,22285,10,22275,-12.2781416722166
"dPB134","B01","52345-563",563,3,"Husbandry Area","Pufferfish",2,"2 m",1648,1648,1008,3.010333333,1,"DL/16S duplex","Tt_longFrag",1,"DNA1",0.059220429,19771,1,19770,-12.2781416722166
"dPB134","B05","52345-563",563,3,"Husbandry Area","Pufferfish",2,"2 m",1648,1648,1008,3.010333333,1,"DL/16S duplex","Tt_longFrag",2,"DNA1",0.270526127,21725,5,21720,-12.2781416722166
"dPB134","B09","52345-563",563,3,"Husbandry Area","Pufferfish",2,"2 m",1648,1648,1008,3.010333333,1,"DL/16S duplex","Tt_longFrag",3,"DNA1",0.158007695,22285,3,22282,-12.2781416722166
"dPB126","B01","52345-563",563,3,"Husbandry Area","Pufferfish",2,"2 m",1648,1648,1008,3.010333333,1,"Cytb monoplex","cytb",1,"DNA1",0.802735447883606,19059,13,19046,-12.2781416722166
"dPB126","B05","52345-563",563,3,"Husbandry Area","Pufferfish",2,"2 m",1648,1648,1008,3.010333333,1,"Cytb monoplex","cytb",2,"DNA1",0.78326940536499,21035,14,21021,-12.2781416722166
"dPB126","B09","52345-563",563,3,"Husbandry Area","Pufferfish",2,"2 m",1648,1648,1008,3.010333333,1,"Cytb monoplex","cytb",3,"DNA1",1.05649924278259,20053,18,20035,-12.2781416722166
"dPB133","F03","52345-564",564,1,"Husbandry Area","Pufferfish",2,"2 m",1658,1658,1018,3.225,1,"DL/16S duplex","Tt_16S",1,"DNA1",0.310291588,22752,6,22746,-12.2092595364587
"dPB133","F07","52345-564",564,1,"Husbandry Area","Pufferfish",2,"2 m",1658,1658,1018,3.225,1,"DL/16S duplex","Tt_16S",2,"DNA1",0.33603844,21009,6,21003,-12.2092595364587
"dPB133","F11","52345-564",564,1,"Husbandry Area","Pufferfish",2,"2 m",1658,1658,1018,3.225,1,"DL/16S duplex","Tt_16S",3,"DNA1",0.41434139,22719,8,22711,-12.2092595364587
"dPB133","F03","52345-564",564,1,"Husbandry Area","Pufferfish",2,"2 m",1658,1658,1018,3.225,1,"DL/16S duplex","Tt_DLL1",1,"DNA1",0.051709585,22752,1,22751,-12.2092595364587
"dPB133","F07","52345-564",564,1,"Husbandry Area","Pufferfish",2,"2 m",1658,1658,1018,3.225,1,"DL/16S duplex","Tt_DLL1",2,"DNA1",0.224014953,21009,4,21005,-12.2092595364587
"dPB133","F11","52345-564",564,1,"Husbandry Area","Pufferfish",2,"2 m",1658,1658,1018,3.225,1,"DL/16S duplex","Tt_DLL1",3,"DNA1",0.155360922,22719,3,22716,-12.2092595364587
"dPB133","F03","52345-564",564,1,"Husbandry Area","Pufferfish",2,"2 m",1658,1658,1018,3.225,1,"DL/16S duplex","Tt_longFrag",1,"DNA1",0.051695947,22752,1,22751,-12.2092595364587
"dPB133","F07","52345-564",564,1,"Husbandry Area","Pufferfish",2,"2 m",1658,1658,1018,3.225,1,"DL/16S duplex","Tt_longFrag",2,"DNA1",0,21009,0,21009,-12.2092595364587
"dPB133","F11","52345-564",564,1,"Husbandry Area","Pufferfish",2,"2 m",1658,1658,1018,3.225,1,"DL/16S duplex","Tt_longFrag",3,"DNA1",0.051729989,22719,1,22718,-12.2092595364587
"dPB125","F01","52345-564",564,1,"Husbandry Area","Pufferfish",2,"2 m",1658,1658,1018,3.225,1,"Cytb monoplex","cytb",1,"DNA1",0.53444892168045,19816,9,19807,-12.2092595364587
"dPB125","F05","52345-564",564,1,"Husbandry Area","Pufferfish",2,"2 m",1658,1658,1018,3.225,1,"Cytb monoplex","cytb",2,"DNA1",0.431297093629837,21826,8,21818,-12.2092595364587
"dPB125","F09","52345-564",564,1,"Husbandry Area","Pufferfish",2,"2 m",1658,1658,1018,3.225,1,"Cytb monoplex","cytb",3,"DNA1",0.156130656599998,22607,3,22604,-12.2092595364587
"dPB134","E01","52345-565",565,2,"Husbandry Area","Pufferfish",2,"2 m",1658,1658,1018,3.225,1,"DL/16S duplex","Tt_16S",1,"DNA1",0,19439,0,19439,-12.2092595364587
"dPB134","E05","52345-565",565,2,"Husbandry Area","Pufferfish",2,"2 m",1658,1658,1018,3.225,1,"DL/16S duplex","Tt_16S",2,"DNA1",0.109765865,21437,2,21435,-12.2092595364587
"dPB134","E09","52345-565",565,2,"Husbandry Area","Pufferfish",2,"2 m",1658,1658,1018,3.225,1,"DL/16S duplex","Tt_16S",3,"DNA1",0.113597311,20714,2,20712,-12.2092595364587
"dPB134","E01","52345-565",565,2,"Husbandry Area","Pufferfish",2,"2 m",1658,1658,1018,3.225,1,"DL/16S duplex","Tt_DLL1",1,"DNA1",0,19439,0,19439,-12.2092595364587
"dPB134","E05","52345-565",565,2,"Husbandry Area","Pufferfish",2,"2 m",1658,1658,1018,3.225,1,"DL/16S duplex","Tt_DLL1",2,"DNA1",0,21437,0,21437,-12.2092595364587
"dPB134","E09","52345-565",565,2,"Husbandry Area","Pufferfish",2,"2 m",1658,1658,1018,3.225,1,"DL/16S duplex","Tt_DLL1",3,"DNA1",0.056797285,20714,1,20713,-12.2092595364587
"dPB134","E01","52345-565",565,2,"Husbandry Area","Pufferfish",2,"2 m",1658,1658,1018,3.225,1,"DL/16S duplex","Tt_longFrag",1,"DNA1",0,19439,0,19439,-12.2092595364587
"dPB134","E05","52345-565",565,2,"Husbandry Area","Pufferfish",2,"2 m",1658,1658,1018,3.225,1,"DL/16S duplex","Tt_longFrag",2,"DNA1",0,21437,0,21437,-12.2092595364587
"dPB134","E09","52345-565",565,2,"Husbandry Area","Pufferfish",2,"2 m",1658,1658,1018,3.225,1,"DL/16S duplex","Tt_longFrag",3,"DNA1",0,20714,0,20714,-12.2092595364587
"dPB126","E01","52345-565",565,2,"Husbandry Area","Pufferfish",2,"2 m",1658,1658,1018,3.225,1,"Cytb monoplex","cytb",1,"DNA1",0.228086575865746,20634,4,20630,-12.2092595364587
"dPB126","E05","52345-565",565,2,"Husbandry Area","Pufferfish",2,"2 m",1658,1658,1018,3.225,1,"Cytb monoplex","cytb",2,"DNA1",0.0564592927694321,20838,1,20837,-12.2092595364587
"dPB126","E09","52345-565",565,2,"Husbandry Area","Pufferfish",2,"2 m",1658,1658,1018,3.225,1,"Cytb monoplex","cytb",3,"DNA1",0.0537336133420467,21895,1,21894,-12.2092595364587
"dPB133","E02","52345-566",566,3,"Husbandry Area","Pufferfish",2,"2 m",1658,1658,1018,3.225,1,"DL/16S duplex","Tt_16S",1,"DNA1",0.573440552,20521,10,20511,-12.2092595364587
"dPB133","E06","52345-566",566,3,"Husbandry Area","Pufferfish",2,"2 m",1658,1658,1018,3.225,1,"DL/16S duplex","Tt_16S",2,"DNA1",0.528737605,20030,9,20021,-12.2092595364587
"dPB133","E10","52345-566",566,3,"Husbandry Area","Pufferfish",2,"2 m",1658,1658,1018,3.225,1,"DL/16S duplex","Tt_16S",3,"DNA1",0.588765204,19987,10,19977,-12.2092595364587
"dPB133","E02","52345-566",566,3,"Husbandry Area","Pufferfish",2,"2 m",1658,1658,1018,3.225,1,"DL/16S duplex","Tt_DLL1",1,"DNA1",0.401379019,20521,7,20514,-12.2092595364587
"dPB133","E06","52345-566",566,3,"Husbandry Area","Pufferfish",2,"2 m",1658,1658,1018,3.225,1,"DL/16S duplex","Tt_DLL1",2,"DNA1",0.528737605,20030,9,20021,-12.2092595364587
"dPB133","E10","52345-566",566,3,"Husbandry Area","Pufferfish",2,"2 m",1658,1658,1018,3.225,1,"DL/16S duplex","Tt_DLL1",3,"DNA1",0.470988572,19987,8,19979,-12.2092595364587
"dPB133","E02","52345-566",566,3,"Husbandry Area","Pufferfish",2,"2 m",1658,1658,1018,3.225,1,"DL/16S duplex","Tt_longFrag",1,"DNA1",0.114470169,20521,2,20519,-12.2092595364587
"dPB133","E06","52345-566",566,3,"Husbandry Area","Pufferfish",2,"2 m",1658,1658,1018,3.225,1,"DL/16S duplex","Tt_longFrag",2,"DNA1",0.234727598,20030,4,20026,-12.2092595364587
"dPB133","E10","52345-566",566,3,"Husbandry Area","Pufferfish",2,"2 m",1658,1658,1018,3.225,1,"DL/16S duplex","Tt_longFrag",3,"DNA1",0.235235074,19987,4,19983,-12.2092595364587
"dPB124","E02","52345-566",566,3,"Husbandry Area","Pufferfish",2,"2 m",1658,1658,1018,3.225,1,"Cytb monoplex","cytb",1,"DNA1",0.759713470935822,21687,14,21673,-12.2092595364587
"dPB124","E06","52345-566",566,3,"Husbandry Area","Pufferfish",2,"2 m",1658,1658,1018,3.225,1,"Cytb monoplex","cytb",2,"DNA1",0.874460935592651,20188,15,20173,-12.2092595364587
"dPB124","E10","52345-566",566,3,"Husbandry Area","Pufferfish",2,"2 m",1658,1658,1018,3.225,1,"Cytb monoplex","cytb",3,"DNA1",0.996275782585144,22446,19,22427,-12.2092595364587
"dPB129","C01","52345-620",620,2,"NOAA Boat","Smith Root",0,"0 m",1132,1135,692,3,1,"DL/16S duplex","Tt_16S",1,"DNA1",0,22053,0,22053,-12.2815801980383
"dPB129","C05","52345-620",620,2,"NOAA Boat","Smith Root",0,"0 m",1132,1135,692,3,1,"DL/16S duplex","Tt_16S",2,"DNA1",0,22167,0,22167,-12.2815801980383
"dPB129","C09","52345-620",620,2,"NOAA Boat","Smith Root",0,"0 m",1132,1135,692,3,1,"DL/16S duplex","Tt_16S",3,"DNA1",0,22788,0,22788,-12.2815801980383
"dPB129","C01","52345-620",620,2,"NOAA Boat","Smith Root",0,"0 m",1132,1135,692,3,1,"DL/16S duplex","Tt_DLL1",1,"DNA1",0.053348627,22053,1,22052,-12.2815801980383
"dPB129","C05","52345-620",620,2,"NOAA Boat","Smith Root",0,"0 m",1132,1135,692,3,1,"DL/16S duplex","Tt_DLL1",2,"DNA1",0,22167,0,22167,-12.2815801980383
"dPB129","C09","52345-620",620,2,"NOAA Boat","Smith Root",0,"0 m",1132,1135,692,3,1,"DL/16S duplex","Tt_DLL1",3,"DNA1",0,22788,0,22788,-12.2815801980383
"dPB129","C01","52345-620",620,2,"NOAA Boat","Smith Root",0,"0 m",1132,1135,692,3,1,"DL/16S duplex","Tt_longFrag",1,"DNA1",0,22053,0,22053,-12.2815801980383
"dPB129","C05","52345-620",620,2,"NOAA Boat","Smith Root",0,"0 m",1132,1135,692,3,1,"DL/16S duplex","Tt_longFrag",2,"DNA1",0,22167,0,22167,-12.2815801980383
"dPB129","C09","52345-620",620,2,"NOAA Boat","Smith Root",0,"0 m",1132,1135,692,3,1,"DL/16S duplex","Tt_longFrag",3,"DNA1",0,22788,0,22788,-12.2815801980383
"dPB116","C01","52345-620",620,2,"NOAA Boat","Smith Root",0,"0 m",1132,1135,692,3,1,"Cytb monoplex","cytb",1,"DNA1",0,21157,0,21157,-12.2815801980383
"dPB116","C05","52345-620",620,2,"NOAA Boat","Smith Root",0,"0 m",1132,1135,692,3,1,"Cytb monoplex","cytb",2,"DNA1",0,18851,0,18851,-12.2815801980383
"dPB116","C09","52345-620",620,2,"NOAA Boat","Smith Root",0,"0 m",1132,1135,692,3,1,"Cytb monoplex","cytb",3,"DNA1",0,17335,0,17335,-12.2815801980383
"dPB129","B01","52345-622",622,1,"NOAA Boat","Smith Root",0,"0 m",1230,1232,750,3,1,"DL/16S duplex","Tt_16S",1,"DNA1",0.057713978,20385,1,20384,-12.2815801980383
"dPB129","B05","52345-622",622,1,"NOAA Boat","Smith Root",0,"0 m",1230,1232,750,3,1,"DL/16S duplex","Tt_16S",2,"DNA1",0.154720724,22813,3,22810,-12.2815801980383
"dPB129","B09","52345-622",622,1,"NOAA Boat","Smith Root",0,"0 m",1230,1232,750,3,1,"DL/16S duplex","Tt_16S",3,"DNA1",0.109551221,21479,2,21477,-12.2815801980383
"dPB129","B01","52345-622",622,1,"NOAA Boat","Smith Root",0,"0 m",1230,1232,750,3,1,"DL/16S duplex","Tt_DLL1",1,"DNA1",0.057713978,20385,1,20384,-12.2815801980383
"dPB129","B05","52345-622",622,1,"NOAA Boat","Smith Root",0,"0 m",1230,1232,750,3,1,"DL/16S duplex","Tt_DLL1",2,"DNA1",0.05157131,22813,1,22812,-12.2815801980383
"dPB129","B09","52345-622",622,1,"NOAA Boat","Smith Root",0,"0 m",1230,1232,750,3,1,"DL/16S duplex","Tt_DLL1",3,"DNA1",0,21479,0,21479,-12.2815801980383
"dPB129","B01","52345-622",622,1,"NOAA Boat","Smith Root",0,"0 m",1230,1232,750,3,1,"DL/16S duplex","Tt_longFrag",1,"DNA1",0,20385,0,20385,-12.2815801980383
"dPB129","B05","52345-622",622,1,"NOAA Boat","Smith Root",0,"0 m",1230,1232,750,3,1,"DL/16S duplex","Tt_longFrag",2,"DNA1",0,22813,0,22813,-12.2815801980383
"dPB129","B09","52345-622",622,1,"NOAA Boat","Smith Root",0,"0 m",1230,1232,750,3,1,"DL/16S duplex","Tt_longFrag",3,"DNA1",0,21479,0,21479,-12.2815801980383
"dPB116","B01","52345-622",622,1,"NOAA Boat","Smith Root",0,"0 m",1230,1232,750,3,1,"Cytb monoplex","cytb",1,"DNA1",0.164338305592537,21478,3,21475,-12.2815801980383
"dPB116","B05","52345-622",622,1,"NOAA Boat","Smith Root",0,"0 m",1230,1232,750,3,1,"Cytb monoplex","cytb",2,"DNA1",0.168287605047226,20974,3,20971,-12.2815801980383
"dPB116","B09","52345-622",622,1,"NOAA Boat","Smith Root",0,"0 m",1230,1232,750,3,1,"Cytb monoplex","cytb",3,"DNA1",0.166328698396683,21221,3,21218,-12.2815801980383
"dPB128","B04","52345-623",623,2,"NOAA Boat","Smith Root",0,"0 m",1231,1232,751,3,1,"DL/16S duplex","Tt_16S",1,"DNA1",0.054339185,21651,1,21650,-12.2815801980383
"dPB128","B08","52345-623",623,2,"NOAA Boat","Smith Root",0,"0 m",1231,1232,751,3,1,"DL/16S duplex","Tt_16S",2,"DNA1",0.156082332,22614,3,22611,-12.2815801980383
"dPB128","B12","52345-623",623,2,"NOAA Boat","Smith Root",0,"0 m",1231,1232,751,3,1,"DL/16S duplex","Tt_16S",3,"DNA1",0,21935,0,21935,-12.2815801980383
"dPB128","B04","52345-623",623,2,"NOAA Boat","Smith Root",0,"0 m",1231,1232,751,3,1,"DL/16S duplex","Tt_DLL1",1,"DNA1",0.054339185,21651,1,21650,-12.2815801980383
"dPB128","B08","52345-623",623,2,"NOAA Boat","Smith Root",0,"0 m",1231,1232,751,3,1,"DL/16S duplex","Tt_DLL1",2,"DNA1",0.156082332,22614,3,22611,-12.2815801980383
"dPB128","B12","52345-623",623,2,"NOAA Boat","Smith Root",0,"0 m",1231,1232,751,3,1,"DL/16S duplex","Tt_DLL1",3,"DNA1",0.053635623,21935,1,21934,-12.2815801980383
"dPB128","B04","52345-623",623,2,"NOAA Boat","Smith Root",0,"0 m",1231,1232,751,3,1,"DL/16S duplex","Tt_longFrag",1,"DNA1",0.054336678,21651,1,21650,-12.2815801980383
"dPB128","B08","52345-623",623,2,"NOAA Boat","Smith Root",0,"0 m",1231,1232,751,3,1,"DL/16S duplex","Tt_longFrag",2,"DNA1",0,22614,0,22614,-12.2815801980383
"dPB128","B12","52345-623",623,2,"NOAA Boat","Smith Root",0,"0 m",1231,1232,751,3,1,"DL/16S duplex","Tt_longFrag",3,"DNA1",0,21935,0,21935,-12.2815801980383
"dPB115","B02","52345-623",623,2,"NOAA Boat","Smith Root",0,"0 m",1231,1232,751,3,1,"Cytb monoplex","cytb",1,"DNA1",0.385646760463715,21358,7,21351,-12.2815801980383
"dPB115","B06","52345-623",623,2,"NOAA Boat","Smith Root",0,"0 m",1231,1232,751,3,1,"Cytb monoplex","cytb",2,"DNA1",0.0572477802634239,20551,1,20550,-12.2815801980383
"dPB115","B10","52345-623",623,2,"NOAA Boat","Smith Root",0,"0 m",1231,1232,751,3,1,"Cytb monoplex","cytb",3,"DNA1",0.173057034611702,20396,3,20393,-12.2815801980383
"dPB128","E04","52345-624",624,3,"NOAA Boat","Smith Root",0,"0 m",1231,1243,751,3,1,"DL/16S duplex","Tt_16S",1,"DNA1",0.058410272,20142,1,20141,-12.2815801980383
"dPB128","E08","52345-624",624,3,"NOAA Boat","Smith Root",0,"0 m",1231,1243,751,3,1,"DL/16S duplex","Tt_16S",2,"DNA1",0.051032186,23054,1,23053,-12.2815801980383
"dPB128","E12","52345-624",624,3,"NOAA Boat","Smith Root",0,"0 m",1231,1243,751,3,1,"DL/16S duplex","Tt_16S",3,"DNA1",0,22583,0,22583,-12.2815801980383
"dPB128","E04","52345-624",624,3,"NOAA Boat","Smith Root",0,"0 m",1231,1243,751,3,1,"DL/16S duplex","Tt_DLL1",1,"DNA1",0,20142,0,20142,-12.2815801980383
"dPB128","E08","52345-624",624,3,"NOAA Boat","Smith Root",0,"0 m",1231,1243,751,3,1,"DL/16S duplex","Tt_DLL1",2,"DNA1",0,23054,0,23054,-12.2815801980383
"dPB128","E12","52345-624",624,3,"NOAA Boat","Smith Root",0,"0 m",1231,1243,751,3,1,"DL/16S duplex","Tt_DLL1",3,"DNA1",0,22583,0,22583,-12.2815801980383
"dPB128","E04","52345-624",624,3,"NOAA Boat","Smith Root",0,"0 m",1231,1243,751,3,1,"DL/16S duplex","Tt_longFrag",1,"DNA1",0,20142,0,20142,-12.2815801980383
"dPB128","E08","52345-624",624,3,"NOAA Boat","Smith Root",0,"0 m",1231,1243,751,3,1,"DL/16S duplex","Tt_longFrag",2,"DNA1",0,23054,0,23054,-12.2815801980383
"dPB128","E12","52345-624",624,3,"NOAA Boat","Smith Root",0,"0 m",1231,1243,751,3,1,"DL/16S duplex","Tt_longFrag",3,"DNA1",0,22583,0,22583,-12.2815801980383
"dPB115","E02","52345-624",624,3,"NOAA Boat","Smith Root",0,"0 m",1231,1243,751,3,1,"Cytb monoplex","cytb",1,"DNA1",0.0598697550594807,19651,1,19650,-12.2815801980383
"dPB115","E06","52345-624",624,3,"NOAA Boat","Smith Root",0,"0 m",1231,1243,751,3,1,"Cytb monoplex","cytb",2,"DNA1",0.0566823519766331,20756,1,20755,-12.2815801980383
"dPB115","E10","52345-624",624,3,"NOAA Boat","Smith Root",0,"0 m",1231,1243,751,3,1,"Cytb monoplex","cytb",3,"DNA1",0,20350,0,20350,-12.2815801980383
"dPB128","H03","52345-625",625,1,"NOAA Boat","Smith Root",0,"0 m",1330,1333,810,3,1,"DL/16S duplex","Tt_16S",1,"DNA1",0,22159,0,22159,-12.2815801980383
"dPB128","H07","52345-625",625,1,"NOAA Boat","Smith Root",0,"0 m",1330,1333,810,3,1,"DL/16S duplex","Tt_16S",2,"DNA1",0,20529,0,20529,-12.2815801980383
"dPB128","H11","52345-625",625,1,"NOAA Boat","Smith Root",0,"0 m",1330,1333,810,3,1,"DL/16S duplex","Tt_16S",3,"DNA1",0.051956218,22644,1,22643,-12.2815801980383
"dPB128","H03","52345-625",625,1,"NOAA Boat","Smith Root",0,"0 m",1330,1333,810,3,1,"DL/16S duplex","Tt_DLL1",1,"DNA1",0,22159,0,22159,-12.2815801980383
"dPB128","H07","52345-625",625,1,"NOAA Boat","Smith Root",0,"0 m",1330,1333,810,3,1,"DL/16S duplex","Tt_DLL1",2,"DNA1",0,20529,0,20529,-12.2815801980383
"dPB128","H11","52345-625",625,1,"NOAA Boat","Smith Root",0,"0 m",1330,1333,810,3,1,"DL/16S duplex","Tt_DLL1",3,"DNA1",0,22644,0,22644,-12.2815801980383
"dPB128","H03","52345-625",625,1,"NOAA Boat","Smith Root",0,"0 m",1330,1333,810,3,1,"DL/16S duplex","Tt_longFrag",1,"DNA1",0,22159,0,22159,-12.2815801980383
"dPB128","H07","52345-625",625,1,"NOAA Boat","Smith Root",0,"0 m",1330,1333,810,3,1,"DL/16S duplex","Tt_longFrag",2,"DNA1",0,20529,0,20529,-12.2815801980383
"dPB128","H11","52345-625",625,1,"NOAA Boat","Smith Root",0,"0 m",1330,1333,810,3,1,"DL/16S duplex","Tt_longFrag",3,"DNA1",0,22644,0,22644,-12.2815801980383
"dPB115","H01","52345-625",625,1,"NOAA Boat","Smith Root",0,"0 m",1330,1333,810,3,1,"Cytb monoplex","cytb",1,"DNA1",0,19561,0,19561,-12.2815801980383
"dPB115","H05","52345-625",625,1,"NOAA Boat","Smith Root",0,"0 m",1330,1333,810,3,1,"Cytb monoplex","cytb",2,"DNA1",0,18363,0,18363,-12.2815801980383
"dPB115","H09","52345-625",625,1,"NOAA Boat","Smith Root",0,"0 m",1330,1333,810,3,1,"Cytb monoplex","cytb",3,"DNA1",0.0578758120536804,20328,1,20327,-12.2815801980383
"dPB114","H01","52345-626",626,2,"NOAA Boat","Smith Root",0,"0 m",1330,1333,810,3,1,"Cytb monoplex","cytb",1,"DNA1",0,20467,0,20467,-12.2815801980383
"dPB114","H05","52345-626",626,2,"NOAA Boat","Smith Root",0,"0 m",1330,1333,810,3,1,"Cytb monoplex","cytb",2,"DNA1",0,20613,0,20613,-12.2815801980383
"dPB114","H09","52345-626",626,2,"NOAA Boat","Smith Root",0,"0 m",1330,1333,810,3,1,"Cytb monoplex","cytb",3,"DNA1",0.106830470263958,22026,2,22024,-12.2815801980383
"dPB114","D01","52345-630",630,1,"NOAA Boat","Smith Root",0,"0 m",1430,1432,870,3,1,"Cytb monoplex","cytb",1,"DNA1",0.0620877929031849,18949,1,18948,-12.2815801980383
"dPB114","D05","52345-630",630,1,"NOAA Boat","Smith Root",0,"0 m",1430,1432,870,3,1,"Cytb monoplex","cytb",2,"DNA1",0,20267,0,20267,-12.2815801980383
"dPB114","D09","52345-630",630,1,"NOAA Boat","Smith Root",0,"0 m",1430,1432,870,3,1,"Cytb monoplex","cytb",3,"DNA1",0,21358,0,21358,-12.2815801980383
"dPB114","F02","52345-633",633,1,"NOAA Boat","Smith Root",0,"0 m",1531,1536,931,3,1,"Cytb monoplex","cytb",1,"DNA1",0.056698739528656,20750,1,20749,-12.2815801980383
"dPB114","F06","52345-633",633,1,"NOAA Boat","Smith Root",0,"0 m",1531,1536,931,3,1,"Cytb monoplex","cytb",2,"DNA1",0,21156,0,21156,-12.2815801980383
"dPB114","F10","52345-633",633,1,"NOAA Boat","Smith Root",0,"0 m",1531,1536,931,3,1,"Cytb monoplex","cytb",3,"DNA1",0,19832,0,19832,-12.2815801980383
"dPB114","B02","52345-634",634,2,"NOAA Boat","Smith Root",0,"0 m",1532,1552,932,2.8,1,"Cytb monoplex","cytb",1,"DNA1",0,18940,0,18940,-12.3505730695253
"dPB114","B06","52345-634",634,2,"NOAA Boat","Smith Root",0,"0 m",1532,1552,932,2.8,1,"Cytb monoplex","cytb",2,"DNA1",0,20664,0,20664,-12.3505730695253
"dPB114","B10","52345-634",634,2,"NOAA Boat","Smith Root",0,"0 m",1532,1552,932,2.8,1,"Cytb monoplex","cytb",3,"DNA1",0.0537827387452126,21875,1,21874,-12.3505730695253
"dPB129","A02","52345-635",635,3,"NOAA Boat","Smith Root",0,"0 m",1533,1536,933,3,1,"DL/16S duplex","Tt_16S",1,"DNA1",0,21958,0,21958,-12.2815801980383
"dPB129","A06","52345-635",635,3,"NOAA Boat","Smith Root",0,"0 m",1533,1536,933,3,1,"DL/16S duplex","Tt_16S",2,"DNA1",0,21272,0,21272,-12.2815801980383
"dPB129","A10","52345-635",635,3,"NOAA Boat","Smith Root",0,"0 m",1533,1536,933,3,1,"DL/16S duplex","Tt_16S",3,"DNA1",0,22050,0,22050,-12.2815801980383
"dPB129","A02","52345-635",635,3,"NOAA Boat","Smith Root",0,"0 m",1533,1536,933,3,1,"DL/16S duplex","Tt_DLL1",1,"DNA1",0,21958,0,21958,-12.2815801980383
"dPB129","A06","52345-635",635,3,"NOAA Boat","Smith Root",0,"0 m",1533,1536,933,3,1,"DL/16S duplex","Tt_DLL1",2,"DNA1",0,21272,0,21272,-12.2815801980383
"dPB129","A10","52345-635",635,3,"NOAA Boat","Smith Root",0,"0 m",1533,1536,933,3,1,"DL/16S duplex","Tt_DLL1",3,"DNA1",0,22050,0,22050,-12.2815801980383
"dPB129","A02","52345-635",635,3,"NOAA Boat","Smith Root",0,"0 m",1533,1536,933,3,1,"DL/16S duplex","Tt_longFrag",1,"DNA1",0,21958,0,21958,-12.2815801980383
"dPB129","A06","52345-635",635,3,"NOAA Boat","Smith Root",0,"0 m",1533,1536,933,3,1,"DL/16S duplex","Tt_longFrag",2,"DNA1",0,21272,0,21272,-12.2815801980383
"dPB129","A10","52345-635",635,3,"NOAA Boat","Smith Root",0,"0 m",1533,1536,933,3,1,"DL/16S duplex","Tt_longFrag",3,"DNA1",0,22050,0,22050,-12.2815801980383
"dPB116","A02","52345-635",635,3,"NOAA Boat","Smith Root",0,"0 m",1533,1536,933,3,1,"Cytb monoplex","cytb",1,"DNA1",0.0518783181905746,22678,1,22677,-12.2815801980383
"dPB116","A06","52345-635",635,3,"NOAA Boat","Smith Root",0,"0 m",1533,1536,933,3,1,"Cytb monoplex","cytb",2,"DNA1",0,18241,0,18241,-12.2815801980383
"dPB116","A10","52345-635",635,3,"NOAA Boat","Smith Root",0,"0 m",1533,1536,933,3,1,"Cytb monoplex","cytb",3,"DNA1",0,20913,0,20913,-12.2815801980383
"dPB128","G03","52345-637",637,2,"NOAA Boat","Smith Root",0,"0 m",1628,1630,988,2.9,1,"DL/16S duplex","Tt_16S",1,"DNA1",0,22560,0,22560,-12.315481749714
"dPB128","G07","52345-637",637,2,"NOAA Boat","Smith Root",0,"0 m",1628,1630,988,2.9,1,"DL/16S duplex","Tt_16S",2,"DNA1",0,19446,0,19446,-12.315481749714
"dPB128","G11","52345-637",637,2,"NOAA Boat","Smith Root",0,"0 m",1628,1630,988,2.9,1,"DL/16S duplex","Tt_16S",3,"DNA1",0,22695,0,22695,-12.315481749714
"dPB128","G03","52345-637",637,2,"NOAA Boat","Smith Root",0,"0 m",1628,1630,988,2.9,1,"DL/16S duplex","Tt_DLL1",1,"DNA1",0,22560,0,22560,-12.315481749714
"dPB128","G07","52345-637",637,2,"NOAA Boat","Smith Root",0,"0 m",1628,1630,988,2.9,1,"DL/16S duplex","Tt_DLL1",2,"DNA1",0,19446,0,19446,-12.315481749714
"dPB128","G11","52345-637",637,2,"NOAA Boat","Smith Root",0,"0 m",1628,1630,988,2.9,1,"DL/16S duplex","Tt_DLL1",3,"DNA1",0.05183946,22695,1,22694,-12.315481749714
"dPB128","G03","52345-637",637,2,"NOAA Boat","Smith Root",0,"0 m",1628,1630,988,2.9,1,"DL/16S duplex","Tt_longFrag",1,"DNA1",0,22560,0,22560,-12.315481749714
"dPB128","G07","52345-637",637,2,"NOAA Boat","Smith Root",0,"0 m",1628,1630,988,2.9,1,"DL/16S duplex","Tt_longFrag",2,"DNA1",0,19446,0,19446,-12.315481749714
"dPB128","G11","52345-637",637,2,"NOAA Boat","Smith Root",0,"0 m",1628,1630,988,2.9,1,"DL/16S duplex","Tt_longFrag",3,"DNA1",0,22695,0,22695,-12.315481749714
"dPB115","G01","52345-637",637,2,"NOAA Boat","Smith Root",0,"0 m",1628,1630,988,2.9,1,"Cytb monoplex","cytb",1,"DNA1",0,18822,0,18822,-12.315481749714
"dPB115","G05","52345-637",637,2,"NOAA Boat","Smith Root",0,"0 m",1628,1630,988,2.9,1,"Cytb monoplex","cytb",2,"DNA1",0.0547896400094032,21473,1,21472,-12.315481749714
"dPB115","G09","52345-637",637,2,"NOAA Boat","Smith Root",0,"0 m",1628,1630,988,2.9,1,"Cytb monoplex","cytb",3,"DNA1",0,22491,0,22491,-12.315481749714
"dPB128","C04","52345-638",638,3,"NOAA Boat","Smith Root",0,"0 m",1630,1638,990,3,1,"DL/16S duplex","Tt_16S",1,"DNA1",0,21836,0,21836,-12.2815801980383
"dPB128","C08","52345-638",638,3,"NOAA Boat","Smith Root",0,"0 m",1630,1638,990,3,1,"DL/16S duplex","Tt_16S",2,"DNA1",0,22437,0,22437,-12.2815801980383
"dPB128","C12","52345-638",638,3,"NOAA Boat","Smith Root",0,"0 m",1630,1638,990,3,1,"DL/16S duplex","Tt_16S",3,"DNA1",0,19252,0,19252,-12.2815801980383
"dPB128","C04","52345-638",638,3,"NOAA Boat","Smith Root",0,"0 m",1630,1638,990,3,1,"DL/16S duplex","Tt_DLL1",1,"DNA1",0,21836,0,21836,-12.2815801980383
"dPB128","C08","52345-638",638,3,"NOAA Boat","Smith Root",0,"0 m",1630,1638,990,3,1,"DL/16S duplex","Tt_DLL1",2,"DNA1",0,22437,0,22437,-12.2815801980383
"dPB128","C12","52345-638",638,3,"NOAA Boat","Smith Root",0,"0 m",1630,1638,990,3,1,"DL/16S duplex","Tt_DLL1",3,"DNA1",0,19252,0,19252,-12.2815801980383
"dPB128","C04","52345-638",638,3,"NOAA Boat","Smith Root",0,"0 m",1630,1638,990,3,1,"DL/16S duplex","Tt_longFrag",1,"DNA1",0,21836,0,21836,-12.2815801980383
"dPB128","C08","52345-638",638,3,"NOAA Boat","Smith Root",0,"0 m",1630,1638,990,3,1,"DL/16S duplex","Tt_longFrag",2,"DNA1",0,22437,0,22437,-12.2815801980383
"dPB128","C12","52345-638",638,3,"NOAA Boat","Smith Root",0,"0 m",1630,1638,990,3,1,"DL/16S duplex","Tt_longFrag",3,"DNA1",0,19252,0,19252,-12.2815801980383
"dPB115","C02","52345-638",638,3,"NOAA Boat","Smith Root",0,"0 m",1630,1638,990,3,1,"Cytb monoplex","cytb",1,"DNA1",0,18790,0,18790,-12.2815801980383
"dPB115","C06","52345-638",638,3,"NOAA Boat","Smith Root",0,"0 m",1630,1638,990,3,1,"Cytb monoplex","cytb",2,"DNA1",0,18253,0,18253,-12.2815801980383
"dPB115","C10","52345-638",638,3,"NOAA Boat","Smith Root",0,"0 m",1630,1638,990,3,1,"Cytb monoplex","cytb",3,"DNA1",0.05561588332057,21154,1,21153,-12.2815801980383
"dPB128","D03","52345-647",647,3,"NOAA Boat","Ascension G",18,"2/3 Depth",1112,1112,672,1.17,1,"DL/16S duplex","Tt_16S",1,"DNA1",0,22306,0,22306,-13.2231887378968
"dPB128","D07","52345-647",647,3,"NOAA Boat","Ascension G",18,"2/3 Depth",1112,1112,672,1.17,1,"DL/16S duplex","Tt_16S",2,"DNA1",0.052976273,22208,1,22207,-13.2231887378968
"dPB128","D11","52345-647",647,3,"NOAA Boat","Ascension G",18,"2/3 Depth",1112,1112,672,1.17,1,"DL/16S duplex","Tt_16S",3,"DNA1",0,21561,0,21561,-13.2231887378968
"dPB128","D03","52345-647",647,3,"NOAA Boat","Ascension G",18,"2/3 Depth",1112,1112,672,1.17,1,"DL/16S duplex","Tt_DLL1",1,"DNA1",0.158237666,22306,3,22303,-13.2231887378968
"dPB128","D07","52345-647",647,3,"NOAA Boat","Ascension G",18,"2/3 Depth",1112,1112,672,1.17,1,"DL/16S duplex","Tt_DLL1",2,"DNA1",0.052976273,22208,1,22207,-13.2231887378968
"dPB128","D11","52345-647",647,3,"NOAA Boat","Ascension G",18,"2/3 Depth",1112,1112,672,1.17,1,"DL/16S duplex","Tt_DLL1",3,"DNA1",0,21561,0,21561,-13.2231887378968
"dPB128","D03","52345-647",647,3,"NOAA Boat","Ascension G",18,"2/3 Depth",1112,1112,672,1.17,1,"DL/16S duplex","Tt_longFrag",1,"DNA1",0,22306,0,22306,-13.2231887378968
"dPB128","D07","52345-647",647,3,"NOAA Boat","Ascension G",18,"2/3 Depth",1112,1112,672,1.17,1,"DL/16S duplex","Tt_longFrag",2,"DNA1",0.052973888,22208,1,22207,-13.2231887378968
"dPB128","D11","52345-647",647,3,"NOAA Boat","Ascension G",18,"2/3 Depth",1112,1112,672,1.17,1,"DL/16S duplex","Tt_longFrag",3,"DNA1",0,21561,0,21561,-13.2231887378968
"dPB115","D01","52345-647",647,3,"NOAA Boat","Ascension G",18,"2/3 Depth",1112,1112,672,1.17,1,"Cytb monoplex","cytb",1,"DNA1",0.059560589492321,19753,1,19752,-13.2231887378968
"dPB115","D05","52345-647",647,3,"NOAA Boat","Ascension G",18,"2/3 Depth",1112,1112,672,1.17,1,"Cytb monoplex","cytb",2,"DNA1",0.123326227068901,19080,2,19078,-13.2231887378968
"dPB115","D09","52345-647",647,3,"NOAA Boat","Ascension G",18,"2/3 Depth",1112,1112,672,1.17,1,"Cytb monoplex","cytb",3,"DNA1",0.0536380670964718,21934,1,21933,-13.2231887378968
"dPB129","E02","52345-648",648,1,"NOAA Boat","Ascension G",30,"Depth",1127,1127,687,2,1,"DL/16S duplex","Tt_16S",1,"DNA1",0,20732,0,20732,-12.6870453061465
"dPB129","E06","52345-648",648,1,"NOAA Boat","Ascension G",30,"Depth",1127,1127,687,2,1,"DL/16S duplex","Tt_16S",2,"DNA1",0,22130,0,22130,-12.6870453061465
"dPB129","E10","52345-648",648,1,"NOAA Boat","Ascension G",30,"Depth",1127,1127,687,2,1,"DL/16S duplex","Tt_16S",3,"DNA1",0,21824,0,21824,-12.6870453061465
"dPB129","E02","52345-648",648,1,"NOAA Boat","Ascension G",30,"Depth",1127,1127,687,2,1,"DL/16S duplex","Tt_DLL1",1,"DNA1",0,20732,0,20732,-12.6870453061465
"dPB129","E06","52345-648",648,1,"NOAA Boat","Ascension G",30,"Depth",1127,1127,687,2,1,"DL/16S duplex","Tt_DLL1",2,"DNA1",0,22130,0,22130,-12.6870453061465
"dPB129","E10","52345-648",648,1,"NOAA Boat","Ascension G",30,"Depth",1127,1127,687,2,1,"DL/16S duplex","Tt_DLL1",3,"DNA1",0,21824,0,21824,-12.6870453061465
"dPB129","E02","52345-648",648,1,"NOAA Boat","Ascension G",30,"Depth",1127,1127,687,2,1,"DL/16S duplex","Tt_longFrag",1,"DNA1",0,20732,0,20732,-12.6870453061465
"dPB129","E06","52345-648",648,1,"NOAA Boat","Ascension G",30,"Depth",1127,1127,687,2,1,"DL/16S duplex","Tt_longFrag",2,"DNA1",0,22130,0,22130,-12.6870453061465
"dPB129","E10","52345-648",648,1,"NOAA Boat","Ascension G",30,"Depth",1127,1127,687,2,1,"DL/16S duplex","Tt_longFrag",3,"DNA1",0,21824,0,21824,-12.6870453061465
"dPB116","E02","52345-648",648,1,"NOAA Boat","Ascension G",30,"Depth",1127,1127,687,2,1,"Cytb monoplex","cytb",1,"DNA1",0,20257,0,20257,-12.6870453061465
"dPB116","E06","52345-648",648,1,"NOAA Boat","Ascension G",30,"Depth",1127,1127,687,2,1,"Cytb monoplex","cytb",2,"DNA1",0.0566141605377197,20781,1,20780,-12.6870453061465
"dPB116","E10","52345-648",648,1,"NOAA Boat","Ascension G",30,"Depth",1127,1127,687,2,1,"Cytb monoplex","cytb",3,"DNA1",0.0577423013746738,20375,1,20374,-12.6870453061465
"dPB129","F01","52345-651",651,1,"NOAA Boat","Ascension G",11,"1/3 Depth",1221,1221,741,2.01,1,"DL/16S duplex","Tt_16S",1,"DNA1",0.062736735,18753,1,18752,-12.6820577646354
"dPB129","F05","52345-651",651,1,"NOAA Boat","Ascension G",11,"1/3 Depth",1221,1221,741,2.01,1,"DL/16S duplex","Tt_16S",2,"DNA1",0,22126,0,22126,-12.6820577646354
"dPB129","F09","52345-651",651,1,"NOAA Boat","Ascension G",11,"1/3 Depth",1221,1221,741,2.01,1,"DL/16S duplex","Tt_16S",3,"DNA1",0.054019816,21779,1,21778,-12.6820577646354
"dPB129","F01","52345-651",651,1,"NOAA Boat","Ascension G",11,"1/3 Depth",1221,1221,741,2.01,1,"DL/16S duplex","Tt_DLL1",1,"DNA1",0,18753,0,18753,-12.6820577646354
"dPB129","F05","52345-651",651,1,"NOAA Boat","Ascension G",11,"1/3 Depth",1221,1221,741,2.01,1,"DL/16S duplex","Tt_DLL1",2,"DNA1",0,22126,0,22126,-12.6820577646354
"dPB129","F09","52345-651",651,1,"NOAA Boat","Ascension G",11,"1/3 Depth",1221,1221,741,2.01,1,"DL/16S duplex","Tt_DLL1",3,"DNA1",0,21779,0,21779,-12.6820577646354
"dPB129","F01","52345-651",651,1,"NOAA Boat","Ascension G",11,"1/3 Depth",1221,1221,741,2.01,1,"DL/16S duplex","Tt_longFrag",1,"DNA1",0,18753,0,18753,-12.6820577646354
"dPB129","F05","52345-651",651,1,"NOAA Boat","Ascension G",11,"1/3 Depth",1221,1221,741,2.01,1,"DL/16S duplex","Tt_longFrag",2,"DNA1",0,22126,0,22126,-12.6820577646354
"dPB129","F09","52345-651",651,1,"NOAA Boat","Ascension G",11,"1/3 Depth",1221,1221,741,2.01,1,"DL/16S duplex","Tt_longFrag",3,"DNA1",0,21779,0,21779,-12.6820577646354
"dPB116","F01","52345-651",651,1,"NOAA Boat","Ascension G",11,"1/3 Depth",1221,1221,741,2.01,1,"Cytb monoplex","cytb",1,"DNA1",0.165688410401344,21303,3,21300,-12.6820577646354
"dPB116","F05","52345-651",651,1,"NOAA Boat","Ascension G",11,"1/3 Depth",1221,1221,741,2.01,1,"Cytb monoplex","cytb",2,"DNA1",0.0552165098488331,21307,1,21306,-12.6820577646354
"dPB116","F09","52345-651",651,1,"NOAA Boat","Ascension G",11,"1/3 Depth",1221,1221,741,2.01,1,"Cytb monoplex","cytb",3,"DNA1",0.0578587353229523,20334,1,20333,-12.6820577646354
"dPB114","C02","52345-652",652,2,"NOAA Boat","Ascension G",11,"1/3 Depth",1231,1231,751,2,1,"Cytb monoplex","cytb",1,"DNA1",0.445717215538025,18480,7,18473,-12.6870453061465
"dPB114","C06","52345-652",652,2,"NOAA Boat","Ascension G",11,"1/3 Depth",1231,1231,751,2,1,"Cytb monoplex","cytb",2,"DNA1",0.166031360626221,21259,3,21256,-12.6870453061465
"dPB114","C10","52345-652",652,2,"NOAA Boat","Ascension G",11,"1/3 Depth",1231,1231,751,2,1,"Cytb monoplex","cytb",3,"DNA1",0.106318786740303,22132,2,22130,-12.6870453061465
"dPB128","F04","52345-653",653,3,"NOAA Boat","Ascension G",11,"1/3 Depth",1240,1240,760,2.01,1,"DL/16S duplex","Tt_16S",1,"DNA1",0,23008,0,23008,-12.6820577646354
"dPB128","F08","52345-653",653,3,"NOAA Boat","Ascension G",11,"1/3 Depth",1240,1240,760,2.01,1,"DL/16S duplex","Tt_16S",2,"DNA1",0,21634,0,21634,-12.6820577646354
"dPB128","F12","52345-653",653,3,"NOAA Boat","Ascension G",11,"1/3 Depth",1240,1240,760,2.01,1,"DL/16S duplex","Tt_16S",3,"DNA1",0.109423853,21504,2,21502,-12.6820577646354
"dPB128","F04","52345-653",653,3,"NOAA Boat","Ascension G",11,"1/3 Depth",1240,1240,760,2.01,1,"DL/16S duplex","Tt_DLL1",1,"DNA1",0.051134218,23008,1,23007,-12.6820577646354
"dPB128","F08","52345-653",653,3,"NOAA Boat","Ascension G",11,"1/3 Depth",1240,1240,760,2.01,1,"DL/16S duplex","Tt_DLL1",2,"DNA1",0,21634,0,21634,-12.6820577646354
"dPB128","F12","52345-653",653,3,"NOAA Boat","Ascension G",11,"1/3 Depth",1240,1240,760,2.01,1,"DL/16S duplex","Tt_DLL1",3,"DNA1",0.054710653,21504,1,21503,-12.6820577646354
"dPB128","F04","52345-653",653,3,"NOAA Boat","Ascension G",11,"1/3 Depth",1240,1240,760,2.01,1,"DL/16S duplex","Tt_longFrag",1,"DNA1",0,23008,0,23008,-12.6820577646354
"dPB128","F08","52345-653",653,3,"NOAA Boat","Ascension G",11,"1/3 Depth",1240,1240,760,2.01,1,"DL/16S duplex","Tt_longFrag",2,"DNA1",0,21634,0,21634,-12.6820577646354
"dPB128","F12","52345-653",653,3,"NOAA Boat","Ascension G",11,"1/3 Depth",1240,1240,760,2.01,1,"DL/16S duplex","Tt_longFrag",3,"DNA1",0,21504,0,21504,-12.6820577646354
"dPB115","F02","52345-653",653,3,"NOAA Boat","Ascension G",11,"1/3 Depth",1240,1240,760,2.01,1,"Cytb monoplex","cytb",1,"DNA1",0.0581274516880512,20240,1,20239,-12.6820577646354
"dPB115","F06","52345-653",653,3,"NOAA Boat","Ascension G",11,"1/3 Depth",1240,1240,760,2.01,1,"Cytb monoplex","cytb",2,"DNA1",0,18396,0,18396,-12.6820577646354
"dPB115","F10","52345-653",653,3,"NOAA Boat","Ascension G",11,"1/3 Depth",1240,1240,760,2.01,1,"Cytb monoplex","cytb",3,"DNA1",0.245840683579445,19144,4,19140,-12.6820577646354
"dPB129","B03","52345-659",659,3,"NOAA Boat","Ascension G",18,"2/3 Depth",1401,1401,841,2,1,"DL/16S duplex","Tt_16S",1,"DNA1",0,20507,0,20507,-12.6870453061465
"dPB129","B07","52345-659",659,3,"NOAA Boat","Ascension G",18,"2/3 Depth",1401,1401,841,2,1,"DL/16S duplex","Tt_16S",2,"DNA1",0,22209,0,22209,-12.6870453061465
"dPB129","B11","52345-659",659,3,"NOAA Boat","Ascension G",18,"2/3 Depth",1401,1401,841,2,1,"DL/16S duplex","Tt_16S",3,"DNA1",0,20976,0,20976,-12.6870453061465
"dPB129","B03","52345-659",659,3,"NOAA Boat","Ascension G",18,"2/3 Depth",1401,1401,841,2,1,"DL/16S duplex","Tt_DLL1",1,"DNA1",0,20507,0,20507,-12.6870453061465
"dPB129","B07","52345-659",659,3,"NOAA Boat","Ascension G",18,"2/3 Depth",1401,1401,841,2,1,"DL/16S duplex","Tt_DLL1",2,"DNA1",0.052973889,22209,1,22208,-12.6870453061465
"dPB129","B11","52345-659",659,3,"NOAA Boat","Ascension G",18,"2/3 Depth",1401,1401,841,2,1,"DL/16S duplex","Tt_DLL1",3,"DNA1",0,20976,0,20976,-12.6870453061465
"dPB129","B03","52345-659",659,3,"NOAA Boat","Ascension G",18,"2/3 Depth",1401,1401,841,2,1,"DL/16S duplex","Tt_longFrag",1,"DNA1",0,20507,0,20507,-12.6870453061465
"dPB129","B07","52345-659",659,3,"NOAA Boat","Ascension G",18,"2/3 Depth",1401,1401,841,2,1,"DL/16S duplex","Tt_longFrag",2,"DNA1",0,22209,0,22209,-12.6870453061465
"dPB129","B11","52345-659",659,3,"NOAA Boat","Ascension G",18,"2/3 Depth",1401,1401,841,2,1,"DL/16S duplex","Tt_longFrag",3,"DNA1",0,20976,0,20976,-12.6870453061465
"dPB117","B01","52345-659",659,3,"NOAA Boat","Ascension G",18,"2/3 Depth",1401,1401,841,2,1,"Cytb monoplex","cytb",1,"DNA1",0,21129,0,21129,-12.6870453061465
"dPB117","B05","52345-659",659,3,"NOAA Boat","Ascension G",18,"2/3 Depth",1401,1401,841,2,1,"Cytb monoplex","cytb",2,"DNA1",0,22184,0,22184,-12.6870453061465
"dPB117","B09","52345-659",659,3,"NOAA Boat","Ascension G",18,"2/3 Depth",1401,1401,841,2,1,"Cytb monoplex","cytb",3,"DNA1",0,20299,0,20299,-12.6870453061465
